run_id,trial_id,timestamp,offset_ms,fault_kind,kill_switch_enabled,transform_inflight,transform_waiting,coordinator_keys,coordinator_waiters,original_bytes_inflight,derivative_hits,derivative_misses,transform_success,transform_error,transform_timeout,transform_shed,kill_switch_rejected,fault_injections
aws-calib2-e8c21674a86f,baseline-none-r01,2026-09-11T13:02:01.31255078Z,0.327,none,false,0,0,0,0,0,8,0,0,0,0,0,0,0
aws-calib2-e8c21674a86f,baseline-none-r01,2026-09-11T13:02:02.313343654Z,1001.120,none,false,0,0,0,0,0,12,0,0,0,0,0,0,0
aws-calib2-e8c21674a86f,baseline-none-r01,2026-09-11T13:02:03.313615191Z,2001.392,none,false,0,0,0,0,0,17,0,0,0,0,0,0,0
aws-calib2-e8c21674a86f,baseline-none-r01,2026-09-11T13:02:04.313132234Z,3000.909,none,false,0,0,0,0,0,23,0,0,0,0,0,0,0
aws-calib2-e8c21674a86f,baseline-none-r01,2026-09-11T13:02:05.3134843Z,4001.261,none,false,0,0,0,0,0,28,0,0,0,0,0,0,0
aws-calib2-e8c21674a86f,baseline-none-r01,2026-09-11T13:02:06.31348475Z,5001.261,none,false,0,0,0,0,0,33,0,0,0,0,0,0,0
aws-calib2-e8c21674a86f,baseline-none-r01,2026-09-11T13:02:07.326891101Z,6014.668,none,false,2,0,2,0,8150048,38,2,0,0,0,0,0,0
aws-calib2-e8c21674a86f,baseline-none-r01,2026-09-11T13:02:08.326904607Z,7014.681,none,false,2,0,2,0,8150048,43,2,0,0,0,0,0,0
aws-calib2-e8c21674a86f,baseline-none-r01,2026-09-11T13:02:09.313124213Z,8000.901,none,false,0,0,0,0,0,49,2,2,0,0,0,0,0
aws-calib2-e8c21674a86f,baseline-none-r01,2026-09-11T13:02:10.313053648Z,9000.830,none,false,0,0,0,0,0,54,2,2,0,0,0,0,0
aws-calib2-e8c21674a86f,baseline-none-r01,2026-09-11T13:02:11.313006406Z,10000.783,none,false,0,0,0,0,0,59,2,2,0,0,0,0,0
aws-calib2-e8c21674a86f,baseline-none-r01,2026-09-11T13:02:12.327134602Z,11014.911,none,false,2,0,2,0,8150048,64,4,2,0,0,0,0,0
aws-calib2-e8c21674a86f,baseline-none-r01,2026-09-11T13:02:13.327066777Z,12014.843,none,false,2,0,2,0,8150048,69,4,2,0,0,0,0,0
aws-calib2-e8c21674a86f,baseline-none-r01,2026-09-11T13:02:14.313534734Z,13001.311,none,false,0,0,0,0,0,75,4,4,0,0,0,0,0
aws-calib2-e8c21674a86f,baseline-none-r01,2026-09-11T13:02:15.313032851Z,14000.809,none,false,0,0,0,0,0,80,4,4,0,0,0,0,0
aws-calib2-e8c21674a86f,baseline-none-r01,2026-09-11T13:02:16.313297107Z,15001.074,none,false,0,0,0,0,0,85,4,4,0,0,0,0,0
aws-calib2-e8c21674a86f,baseline-none-r01,2026-09-11T13:02:17.326991171Z,16014.768,none,false,2,0,2,0,8150048,90,6,4,0,0,0,0,0
aws-calib2-e8c21674a86f,baseline-none-r01,2026-09-11T13:02:18.31336339Z,17001.140,none,false,0,0,0,0,0,95,6,6,0,0,0,0,0
aws-calib2-e8c21674a86f,baseline-none-r01,2026-09-11T13:02:19.313455018Z,18001.231,none,false,0,0,0,0,0,101,6,6,0,0,0,0,0
aws-calib2-e8c21674a86f,baseline-none-r01,2026-09-11T13:02:20.313456386Z,19001.233,none,false,0,0,0,0,0,106,6,6,0,0,0,0,0
aws-calib2-e8c21674a86f,baseline-none-r01,2026-09-11T13:02:21.312979869Z,20000.757,none,false,0,0,0,0,0,111,6,6,0,0,0,0,0
aws-calib2-e8c21674a86f,baseline-none-r01,2026-09-11T13:02:22.326855662Z,21014.632,none,false,2,0,2,0,8150048,116,8,6,0,0,0,0,0
aws-calib2-e8c21674a86f,baseline-none-r01,2026-09-11T13:02:23.327021503Z,22014.798,none,false,2,0,2,0,8150048,121,8,6,0,0,0,0,0
aws-calib2-e8c21674a86f,baseline-none-r01,2026-09-11T13:02:24.312835552Z,23000.612,none,false,0,0,0,0,0,127,8,8,0,0,0,0,0
aws-calib2-e8c21674a86f,baseline-none-r01,2026-09-11T13:02:25.313010178Z,24000.787,none,false,0,0,0,0,0,132,8,8,0,0,0,0,0
aws-calib2-e8c21674a86f,baseline-none-r01,2026-09-11T13:02:26.312629455Z,25000.406,none,false,0,0,0,0,0,137,8,8,0,0,0,0,0
aws-calib2-e8c21674a86f,baseline-none-r01,2026-09-11T13:02:27.327031216Z,26014.808,none,false,2,0,2,0,8150048,142,10,8,0,0,0,0,0
aws-calib2-e8c21674a86f,baseline-none-r01,2026-09-11T13:02:28.327009339Z,27014.786,none,false,2,0,2,0,8150048,147,10,8,0,0,0,0,0
aws-calib2-e8c21674a86f,baseline-none-r01,2026-09-11T13:02:29.313117905Z,28000.894,none,false,0,0,0,0,0,153,10,10,0,0,0,0,0
aws-calib2-e8c21674a86f,baseline-none-r01,2026-09-11T13:02:30.313278163Z,29001.055,none,false,0,0,0,0,0,158,10,10,0,0,0,0,0
aws-calib2-e8c21674a86f,baseline-none-r01,2026-09-11T13:02:31.312606574Z,30000.383,none,false,0,0,0,0,0,163,10,10,0,0,0,0,0
aws-calib2-e8c21674a86f,baseline-none-r01,2026-09-11T13:02:32.313395388Z,31001.172,none,false,0,0,0,0,0,170,10,10,0,0,0,0,0
aws-calib2-e8c21674a86f,baseline-none-r01,2026-09-11T13:02:33.31283662Z,32000.613,none,false,0,0,0,0,0,175,10,10,0,0,0,0,0
aws-calib2-e8c21674a86f,baseline-none-r01,2026-09-11T13:02:34.313470569Z,33001.247,none,false,0,0,0,0,0,181,10,10,0,0,0,0,0
aws-calib2-e8c21674a86f,baseline-none-r01,2026-09-11T13:02:35.313083977Z,34000.860,none,false,0,0,0,0,0,186,10,10,0,0,0,0,0
aws-calib2-e8c21674a86f,baseline-none-r01,2026-09-11T13:02:36.312657573Z,35000.434,none,false,0,0,0,0,0,191,10,10,0,0,0,0,0
aws-calib2-e8c21674a86f,baseline-none-r01,2026-09-11T13:02:37.327151483Z,36014.928,none,false,2,0,2,0,8150048,196,12,10,0,0,0,0,0
aws-calib2-e8c21674a86f,baseline-none-r01,2026-09-11T13:02:38.327124539Z,37014.901,none,false,2,0,2,0,8150048,201,12,10,0,0,0,0,0
aws-calib2-e8c21674a86f,baseline-none-r01,2026-09-11T13:02:39.312995625Z,38000.772,none,false,0,0,0,0,0,207,12,12,0,0,0,0,0
aws-calib2-e8c21674a86f,baseline-none-r01,2026-09-11T13:02:40.312782268Z,39000.559,none,false,0,0,0,0,0,212,12,12,0,0,0,0,0
aws-calib2-e8c21674a86f,baseline-none-r01,2026-09-11T13:02:41.313378337Z,40001.155,none,false,0,0,0,0,0,217,12,12,0,0,0,0,0
aws-calib2-e8c21674a86f,baseline-none-r01,2026-09-11T13:02:42.32707459Z,41014.851,none,false,2,0,2,0,8150048,222,14,12,0,0,0,0,0
aws-calib2-e8c21674a86f,baseline-none-r01,2026-09-11T13:02:43.326853194Z,42014.630,none,false,2,0,2,0,8150048,227,14,12,0,0,0,0,0
aws-calib2-e8c21674a86f,baseline-none-r01,2026-09-11T13:02:44.312628714Z,43000.405,none,false,0,0,0,0,0,233,14,14,0,0,0,0,0
aws-calib2-e8c21674a86f,baseline-none-r01,2026-09-11T13:02:45.313645436Z,44001.422,none,false,0,0,0,0,0,238,14,14,0,0,0,0,0
aws-calib2-e8c21674a86f,baseline-none-r01,2026-09-11T13:02:46.313661975Z,45001.438,none,false,0,0,0,0,0,243,14,14,0,0,0,0,0
aws-calib2-e8c21674a86f,baseline-none-r01,2026-09-11T13:02:47.327073399Z,46014.850,none,false,2,0,2,0,8150048,248,16,14,0,0,0,0,0
aws-calib2-e8c21674a86f,baseline-none-r01,2026-09-11T13:02:48.327071496Z,47014.848,none,false,2,0,2,0,8150048,253,16,14,0,0,0,0,0
aws-calib2-e8c21674a86f,baseline-none-r01,2026-09-11T13:02:49.312858897Z,48000.635,none,false,0,0,0,0,0,259,16,16,0,0,0,0,0
aws-calib2-e8c21674a86f,baseline-none-r01,2026-09-11T13:02:50.313651685Z,49001.428,none,false,0,0,0,0,0,264,16,16,0,0,0,0,0
aws-calib2-e8c21674a86f,baseline-none-r01,2026-09-11T13:02:51.313729274Z,50001.506,none,false,0,0,0,0,0,269,16,16,0,0,0,0,0
aws-calib2-e8c21674a86f,baseline-none-r01,2026-09-11T13:02:52.327195506Z,51014.972,none,false,2,0,2,0,8150048,274,18,16,0,0,0,0,0
aws-calib2-e8c21674a86f,baseline-none-r01,2026-09-11T13:02:53.327091462Z,52014.868,none,false,2,0,2,0,8150048,279,18,16,0,0,0,0,0
aws-calib2-e8c21674a86f,baseline-none-r01,2026-09-11T13:02:54.313707913Z,53001.484,none,false,0,0,0,0,0,285,18,18,0,0,0,0,0
aws-calib2-e8c21674a86f,baseline-none-r01,2026-09-11T13:02:55.312592442Z,54000.369,none,false,0,0,0,0,0,290,18,18,0,0,0,0,0
aws-calib2-e8c21674a86f,baseline-none-r01,2026-09-11T13:02:56.313407286Z,55001.184,none,false,0,0,0,0,0,295,18,18,0,0,0,0,0
aws-calib2-e8c21674a86f,baseline-none-r01,2026-09-11T13:02:57.327043425Z,56014.820,none,false,2,0,2,0,8150048,300,20,18,0,0,0,0,0
aws-calib2-e8c21674a86f,baseline-none-r01,2026-09-11T13:02:58.327037358Z,57014.814,none,false,2,0,2,0,8150048,305,20,18,0,0,0,0,0
aws-calib2-e8c21674a86f,baseline-none-r01,2026-09-11T13:02:59.313432626Z,58001.209,none,false,0,0,0,0,0,311,20,20,0,0,0,0,0
aws-calib2-e8c21674a86f,baseline-none-r01,2026-09-11T13:03:00.312667193Z,59000.444,none,false,0,0,0,0,0,316,20,20,0,0,0,0,0
aws-calib2-e8c21674a86f,baseline-none-r01,2026-09-11T13:03:01.313798637Z,60001.575,none,false,0,0,0,0,0,321,20,20,0,0,0,0,0
aws-calib2-e8c21674a86f,baseline-none-r01,2026-09-11T13:03:02.313230414Z,61001.007,none,false,1,0,1,0,4075024,327,21,20,0,0,0,0,0
aws-calib2-e8c21674a86f,baseline-none-r01,2026-09-11T13:03:03.313120845Z,62000.897,none,false,0,0,0,0,0,332,21,21,0,0,0,0,0
aws-calib2-e8c21674a86f,baseline-none-r01,2026-09-11T13:03:04.313711978Z,63001.488,none,false,0,0,0,0,0,338,21,21,0,0,0,0,0
aws-calib2-e8c21674a86f,baseline-none-r01,2026-09-11T13:03:05.312649546Z,64000.426,none,false,0,0,0,0,0,343,21,21,0,0,0,0,0
aws-calib2-e8c21674a86f,baseline-none-r01,2026-09-11T13:03:06.313398727Z,65001.175,none,false,0,0,0,0,0,348,21,21,0,0,0,0,0
aws-calib2-e8c21674a86f,baseline-none-r01,2026-09-11T13:03:07.312953026Z,66000.729,none,false,0,0,0,0,0,354,22,22,0,0,0,0,0
aws-calib2-e8c21674a86f,baseline-none-r01,2026-09-11T13:03:08.312965684Z,67000.742,none,false,0,0,0,0,0,359,22,22,0,0,0,0,0
aws-calib2-e8c21674a86f,baseline-none-r01,2026-09-11T13:03:09.31379341Z,68001.570,none,false,1,0,1,0,4075024,364,23,22,0,0,0,0,0
aws-calib2-e8c21674a86f,baseline-none-r01,2026-09-11T13:03:10.31307767Z,69000.854,none,false,0,0,0,0,0,369,23,23,0,0,0,0,0
aws-calib2-e8c21674a86f,baseline-none-r01,2026-09-11T13:03:11.313190794Z,70000.967,none,false,0,0,0,0,0,374,23,23,0,0,0,0,0
aws-calib2-e8c21674a86f,baseline-none-r01,2026-09-11T13:03:12.327066288Z,71014.843,none,false,2,0,2,0,8150048,379,25,23,0,0,0,0,0
aws-calib2-e8c21674a86f,baseline-none-r01,2026-09-11T13:03:13.326884009Z,72014.660,none,false,2,0,2,0,8150048,384,25,23,0,0,0,0,0
aws-calib2-e8c21674a86f,baseline-none-r01,2026-09-11T13:03:14.313641333Z,73001.418,none,false,1,0,1,0,4075024,389,26,25,0,0,0,0,0
aws-calib2-e8c21674a86f,baseline-none-r01,2026-09-11T13:03:15.313411612Z,74001.188,none,false,0,0,0,0,0,394,26,26,0,0,0,0,0
aws-calib2-e8c21674a86f,baseline-none-r01,2026-09-11T13:03:16.312655782Z,75000.432,none,false,0,0,0,0,0,399,26,26,0,0,0,0,0
aws-calib2-e8c21674a86f,baseline-none-r01,2026-09-11T13:03:17.327033222Z,76014.810,none,false,2,0,2,0,8150048,404,28,26,0,0,0,0,0
aws-calib2-e8c21674a86f,baseline-none-r01,2026-09-11T13:03:18.327018285Z,77014.795,none,false,2,0,2,0,8150048,409,28,26,0,0,0,0,0
aws-calib2-e8c21674a86f,baseline-none-r01,2026-09-11T13:03:19.313448528Z,78001.225,none,false,1,0,1,0,4075024,414,29,28,0,0,0,0,0
aws-calib2-e8c21674a86f,baseline-none-r01,2026-09-11T13:03:20.313200188Z,79000.977,none,false,0,0,0,0,0,419,29,29,0,0,0,0,0
aws-calib2-e8c21674a86f,baseline-none-r01,2026-09-11T13:03:21.313224317Z,80001.001,none,false,0,0,0,0,0,424,29,29,0,0,0,0,0
aws-calib2-e8c21674a86f,baseline-none-r01,2026-09-11T13:03:22.327012816Z,81014.789,none,false,2,0,2,0,8150048,429,31,29,0,0,0,0,0
aws-calib2-e8c21674a86f,baseline-none-r01,2026-09-11T13:03:23.326993033Z,82014.769,none,false,2,0,2,0,8150048,434,31,29,0,0,0,0,0
aws-calib2-e8c21674a86f,baseline-none-r01,2026-09-11T13:03:24.312973901Z,83000.750,none,false,1,0,1,0,4075024,439,32,31,0,0,0,0,0
aws-calib2-e8c21674a86f,baseline-none-r01,2026-09-11T13:03:25.313683912Z,84001.460,none,false,0,0,0,0,0,444,32,32,0,0,0,0,0
aws-calib2-e8c21674a86f,baseline-none-r01,2026-09-11T13:03:26.313474027Z,85001.251,none,false,0,0,0,0,0,449,32,32,0,0,0,0,0
aws-calib2-e8c21674a86f,baseline-none-r01,2026-09-11T13:03:27.327191681Z,86014.968,none,false,2,0,2,0,8150048,454,34,32,0,0,0,0,0
aws-calib2-e8c21674a86f,baseline-none-r01,2026-09-11T13:03:28.327166987Z,87014.943,none,false,2,0,2,0,8150048,459,34,32,0,0,0,0,0
aws-calib2-e8c21674a86f,baseline-none-r01,2026-09-11T13:03:29.31310834Z,88000.885,none,false,1,0,1,0,4075024,464,35,34,0,0,0,0,0
aws-calib2-e8c21674a86f,baseline-none-r01,2026-09-11T13:03:30.313194242Z,89000.971,none,false,0,0,0,0,0,469,35,35,0,0,0,0,0
aws-calib2-e8c21674a86f,baseline-none-r01,2026-09-11T13:03:31.313457007Z,90001.233,none,false,0,0,0,0,0,474,35,35,0,0,0,0,0
aws-calib2-e8c21674a86f,baseline-none-r01,2026-09-11T13:03:32.326888372Z,91014.665,none,false,2,0,2,0,8150048,479,37,35,0,0,0,0,0
aws-calib2-e8c21674a86f,baseline-none-r01,2026-09-11T13:03:33.326871078Z,92014.648,none,false,2,0,2,0,8150048,484,37,35,0,0,0,0,0
aws-calib2-e8c21674a86f,baseline-none-r01,2026-09-11T13:03:34.313091835Z,93000.868,none,false,1,0,1,0,4075024,489,38,37,0,0,0,0,0
aws-calib2-e8c21674a86f,baseline-none-r01,2026-09-11T13:03:35.31315086Z,94000.927,none,false,0,0,0,0,0,494,38,38,0,0,0,0,0
aws-calib2-e8c21674a86f,baseline-none-r01,2026-09-11T13:03:36.313384295Z,95001.161,none,false,0,0,0,0,0,499,38,38,0,0,0,0,0
aws-calib2-e8c21674a86f,baseline-none-r01,2026-09-11T13:03:37.32751946Z,96015.296,none,false,2,0,2,0,8150048,504,40,38,0,0,0,0,0
aws-calib2-e8c21674a86f,baseline-none-r01,2026-09-11T13:03:38.327041427Z,97014.818,none,false,2,0,2,0,8150048,509,40,38,0,0,0,0,0
aws-calib2-e8c21674a86f,baseline-none-r01,2026-09-11T13:03:39.312639706Z,98000.416,none,false,1,0,1,0,4075024,514,41,40,0,0,0,0,0
aws-calib2-e8c21674a86f,baseline-none-r01,2026-09-11T13:03:40.31282985Z,99000.606,none,false,0,0,0,0,0,519,41,41,0,0,0,0,0
aws-calib2-e8c21674a86f,baseline-none-r01,2026-09-11T13:03:41.312625644Z,100000.402,none,false,0,0,0,0,0,524,41,41,0,0,0,0,0
aws-calib2-e8c21674a86f,baseline-none-r01,2026-09-11T13:03:42.326949513Z,101014.726,none,false,2,0,2,0,8150048,529,43,41,0,0,0,0,0
aws-calib2-e8c21674a86f,baseline-none-r01,2026-09-11T13:03:43.327062922Z,102014.839,none,false,2,0,2,0,8150048,534,43,41,0,0,0,0,0
aws-calib2-e8c21674a86f,baseline-none-r01,2026-09-11T13:03:44.314032636Z,103001.809,none,false,1,0,1,0,4075024,539,44,43,0,0,0,0,0
aws-calib2-e8c21674a86f,baseline-none-r01,2026-09-11T13:03:45.312996178Z,104000.773,none,false,0,0,0,0,0,544,44,44,0,0,0,0,0
aws-calib2-e8c21674a86f,baseline-none-r01,2026-09-11T13:03:46.312656315Z,105000.433,none,false,0,0,0,0,0,549,44,44,0,0,0,0,0
aws-calib2-e8c21674a86f,baseline-none-r01,2026-09-11T13:03:47.326980836Z,106014.757,none,false,2,0,2,0,8150048,554,46,44,0,0,0,0,0
aws-calib2-e8c21674a86f,baseline-none-r01,2026-09-11T13:03:48.327058644Z,107014.835,none,false,2,0,2,0,8150048,559,46,44,0,0,0,0,0
aws-calib2-e8c21674a86f,baseline-none-r01,2026-09-11T13:03:49.313549045Z,108001.325,none,false,1,0,1,0,4075024,564,47,46,0,0,0,0,0
aws-calib2-e8c21674a86f,baseline-none-r01,2026-09-11T13:03:50.312860358Z,109000.637,none,false,0,0,0,0,0,569,47,47,0,0,0,0,0
aws-calib2-e8c21674a86f,baseline-none-r01,2026-09-11T13:03:51.312658991Z,110000.435,none,false,0,0,0,0,0,574,47,47,0,0,0,0,0
aws-calib2-e8c21674a86f,baseline-none-r01,2026-09-11T13:03:52.327498236Z,111015.275,none,false,2,0,2,0,8150048,579,49,47,0,0,0,0,0
aws-calib2-e8c21674a86f,baseline-none-r01,2026-09-11T13:03:53.32702735Z,112014.804,none,false,2,0,2,0,8150048,584,49,47,0,0,0,0,0
aws-calib2-e8c21674a86f,baseline-none-r01,2026-09-11T13:03:54.313688901Z,113001.465,none,false,1,0,1,0,4075024,589,50,49,0,0,0,0,0
aws-calib2-e8c21674a86f,baseline-none-r01,2026-09-11T13:03:55.312862644Z,114000.639,none,false,0,0,0,0,0,594,50,50,0,0,0,0,0
aws-calib2-e8c21674a86f,baseline-none-r01,2026-09-11T13:03:56.313214538Z,115000.991,none,false,0,0,0,0,0,599,50,50,0,0,0,0,0
aws-calib2-e8c21674a86f,baseline-none-r01,2026-09-11T13:03:57.3270203Z,116014.797,none,false,2,0,2,0,8150048,604,52,50,0,0,0,0,0
aws-calib2-e8c21674a86f,baseline-none-r01,2026-09-11T13:03:58.32699199Z,117014.768,none,false,2,0,2,0,8150048,609,52,50,0,0,0,0,0
aws-calib2-e8c21674a86f,baseline-none-r01,2026-09-11T13:03:59.31363449Z,118001.411,none,false,1,0,1,0,4075024,614,53,52,0,0,0,0,0
aws-calib2-e8c21674a86f,baseline-none-r01,2026-09-11T13:04:00.313050542Z,119000.827,none,false,0,0,0,0,0,619,53,53,0,0,0,0,0
aws-calib2-e8c21674a86f,baseline-none-r01,2026-09-11T13:04:01.313268818Z,120001.045,none,false,0,0,0,0,0,624,53,53,0,0,0,0,0
aws-calib2-e8c21674a86f,baseline-none-r01,2026-09-11T13:04:02.326900895Z,121014.677,none,false,2,0,2,0,8150048,629,55,53,0,0,0,0,0
aws-calib2-e8c21674a86f,baseline-none-r01,2026-09-11T13:04:03.327056832Z,122014.833,none,false,2,0,2,0,8150048,634,55,53,0,0,0,0,0
aws-calib2-e8c21674a86f,baseline-none-r01,2026-09-11T13:04:04.313112119Z,123000.889,none,false,1,0,1,0,4075024,639,56,55,0,0,0,0,0
aws-calib2-e8c21674a86f,baseline-none-r01,2026-09-11T13:04:05.313704231Z,124001.481,none,false,0,0,0,0,0,644,56,56,0,0,0,0,0
aws-calib2-e8c21674a86f,baseline-none-r01,2026-09-11T13:04:06.313517297Z,125001.294,none,false,0,0,0,0,0,649,56,56,0,0,0,0,0
aws-calib2-e8c21674a86f,baseline-none-r01,2026-09-11T13:04:07.327566242Z,126015.343,none,false,2,0,2,0,8150048,654,58,56,0,0,0,0,0
aws-calib2-e8c21674a86f,baseline-none-r01,2026-09-11T13:04:08.327195747Z,127014.972,none,false,2,0,2,0,8150048,659,58,56,0,0,0,0,0
aws-calib2-e8c21674a86f,baseline-none-r01,2026-09-11T13:04:09.313158816Z,128000.935,none,false,1,0,1,0,4075024,664,59,58,0,0,0,0,0
aws-calib2-e8c21674a86f,baseline-none-r01,2026-09-11T13:04:10.31337843Z,129001.155,none,false,0,0,0,0,0,669,59,59,0,0,0,0,0
aws-calib2-e8c21674a86f,baseline-none-r01,2026-09-11T13:04:11.313599984Z,130001.376,none,false,0,0,0,0,0,674,59,59,0,0,0,0,0
aws-calib2-e8c21674a86f,baseline-none-r01,2026-09-11T13:04:12.327050664Z,131014.827,none,false,2,0,2,0,8150048,679,61,59,0,0,0,0,0
aws-calib2-e8c21674a86f,baseline-none-r01,2026-09-11T13:04:13.327015062Z,132014.791,none,false,2,0,2,0,8150048,684,61,59,0,0,0,0,0
aws-calib2-e8c21674a86f,baseline-none-r01,2026-09-11T13:04:14.313378629Z,133001.155,none,false,1,0,1,0,4075024,689,62,61,0,0,0,0,0
aws-calib2-e8c21674a86f,baseline-none-r01,2026-09-11T13:04:15.313032131Z,134000.809,none,false,0,0,0,0,0,694,62,62,0,0,0,0,0
aws-calib2-e8c21674a86f,baseline-none-r01,2026-09-11T13:04:16.313275173Z,135001.052,none,false,0,0,0,0,0,699,62,62,0,0,0,0,0
aws-calib2-e8c21674a86f,baseline-none-r01,2026-09-11T13:04:17.326884399Z,136014.661,none,false,2,0,2,0,8150048,704,64,62,0,0,0,0,0
aws-calib2-e8c21674a86f,baseline-none-r01,2026-09-11T13:04:18.326895738Z,137014.672,none,false,2,0,2,0,8150048,709,64,62,0,0,0,0,0
aws-calib2-e8c21674a86f,baseline-none-r01,2026-09-11T13:04:19.313527665Z,138001.304,none,false,1,0,1,0,4075024,714,65,64,0,0,0,0,0
aws-calib2-e8c21674a86f,baseline-none-r01,2026-09-11T13:04:20.312944328Z,139000.721,none,false,0,0,0,0,0,719,65,65,0,0,0,0,0
aws-calib2-e8c21674a86f,baseline-none-r01,2026-09-11T13:04:21.312599336Z,140000.376,none,false,0,0,0,0,0,724,65,65,0,0,0,0,0
aws-calib2-e8c21674a86f,baseline-none-r01,2026-09-11T13:04:22.326993677Z,141014.770,none,false,2,0,2,0,8150048,729,67,65,0,0,0,0,0
aws-calib2-e8c21674a86f,baseline-none-r01,2026-09-11T13:04:23.327503341Z,142015.280,none,false,2,0,2,0,8150048,734,67,65,0,0,0,0,0
aws-calib2-e8c21674a86f,baseline-none-r01,2026-09-11T13:04:24.314151413Z,143001.928,none,false,1,0,1,0,4075024,739,68,67,0,0,0,0,0
aws-calib2-e8c21674a86f,baseline-none-r01,2026-09-11T13:04:25.313384932Z,144001.161,none,false,0,0,0,0,0,744,68,68,0,0,0,0,0
aws-calib2-e8c21674a86f,baseline-none-r01,2026-09-11T13:04:26.312972479Z,145000.749,none,false,0,0,0,0,0,749,68,68,0,0,0,0,0
aws-calib2-e8c21674a86f,baseline-none-r01,2026-09-11T13:04:27.327635365Z,146015.412,none,false,2,0,2,0,8150048,754,70,68,0,0,0,0,0
aws-calib2-e8c21674a86f,baseline-none-r01,2026-09-11T13:04:28.327630768Z,147015.407,none,false,2,0,2,0,8150048,759,70,68,0,0,0,0,0
aws-calib2-e8c21674a86f,baseline-none-r01,2026-09-11T13:04:29.313188985Z,148000.965,none,false,1,0,1,0,4075024,764,71,70,0,0,0,0,0
aws-calib2-e8c21674a86f,baseline-none-r01,2026-09-11T13:04:30.31309583Z,149000.872,none,false,0,0,0,0,0,769,71,71,0,0,0,0,0
aws-calib2-e8c21674a86f,baseline-none-r01,2026-09-11T13:04:31.312666479Z,150000.443,none,false,0,0,0,0,0,774,71,71,0,0,0,0,0
aws-calib2-e8c21674a86f,baseline-none-r01,2026-09-11T13:04:31.312691556Z,150000.468,none,false,0,0,0,0,0,774,71,71,0,0,0,0,0
aws-calib2-e8c21674a86f,baseline-transform-timeout-r01,2026-09-11T13:04:31.54563614Z,0.021,none,false,0,0,0,0,0,8,0,0,0,0,0,0,0
aws-calib2-e8c21674a86f,baseline-transform-timeout-r01,2026-09-11T13:04:32.546495451Z,1000.880,none,false,0,0,0,0,0,12,0,0,0,0,0,0,0
aws-calib2-e8c21674a86f,baseline-transform-timeout-r01,2026-09-11T13:04:33.546244347Z,2000.629,none,false,0,0,0,0,0,17,0,0,0,0,0,0,0
aws-calib2-e8c21674a86f,baseline-transform-timeout-r01,2026-09-11T13:04:34.546765748Z,3001.150,none,false,1,0,1,0,4075024,22,1,0,0,0,0,0,0
aws-calib2-e8c21674a86f,baseline-transform-timeout-r01,2026-09-11T13:04:35.545762763Z,4000.147,none,false,0,0,0,0,0,27,1,1,0,0,0,0,0
aws-calib2-e8c21674a86f,baseline-transform-timeout-r01,2026-09-11T13:04:36.546462997Z,5000.847,none,false,0,0,0,0,0,32,1,1,0,0,0,0,0
aws-calib2-e8c21674a86f,baseline-transform-timeout-r01,2026-09-11T13:04:37.547209153Z,6001.594,none,false,2,0,2,0,8150048,37,3,1,0,0,0,0,0
aws-calib2-e8c21674a86f,baseline-transform-timeout-r01,2026-09-11T13:04:38.546042783Z,7000.427,none,false,2,0,2,0,8150048,42,3,1,0,0,0,0,0
aws-calib2-e8c21674a86f,baseline-transform-timeout-r01,2026-09-11T13:04:39.547630601Z,8002.015,none,false,1,0,1,0,4075024,47,4,3,0,0,0,0,0
aws-calib2-e8c21674a86f,baseline-transform-timeout-r01,2026-09-11T13:04:40.546610751Z,9000.995,none,false,0,0,0,0,0,52,4,4,0,0,0,0,0
aws-calib2-e8c21674a86f,baseline-transform-timeout-r01,2026-09-11T13:04:41.546242689Z,10000.627,none,false,0,0,0,0,0,57,4,4,0,0,0,0,0
aws-calib2-e8c21674a86f,baseline-transform-timeout-r01,2026-09-11T13:04:42.54670464Z,11001.089,none,false,2,0,2,0,8150048,62,6,4,0,0,0,0,0
aws-calib2-e8c21674a86f,baseline-transform-timeout-r01,2026-09-11T13:04:43.546137859Z,12000.522,none,false,2,0,2,0,8150048,67,6,4,0,0,0,0,0
aws-calib2-e8c21674a86f,baseline-transform-timeout-r01,2026-09-11T13:04:44.546525358Z,13000.910,none,false,1,0,1,0,4075024,72,7,6,0,0,0,0,0
aws-calib2-e8c21674a86f,baseline-transform-timeout-r01,2026-09-11T13:04:45.546502284Z,14000.887,none,false,0,0,0,0,0,77,7,7,0,0,0,0,0
aws-calib2-e8c21674a86f,baseline-transform-timeout-r01,2026-09-11T13:04:46.546241834Z,15000.626,none,false,0,0,0,0,0,82,7,7,0,0,0,0,0
aws-calib2-e8c21674a86f,baseline-transform-timeout-r01,2026-09-11T13:04:47.546599617Z,16000.984,none,false,2,0,2,0,8150048,87,9,7,0,0,0,0,0
aws-calib2-e8c21674a86f,baseline-transform-timeout-r01,2026-09-11T13:04:48.546031056Z,17000.415,none,false,2,0,2,0,8150048,92,9,7,0,0,0,0,0
aws-calib2-e8c21674a86f,baseline-transform-timeout-r01,2026-09-11T13:04:49.54660259Z,18000.987,none,false,1,0,1,0,4075024,97,10,9,0,0,0,0,0
aws-calib2-e8c21674a86f,baseline-transform-timeout-r01,2026-09-11T13:04:50.545716188Z,19000.101,none,false,0,0,0,0,0,102,10,10,0,0,0,0,0
aws-calib2-e8c21674a86f,baseline-transform-timeout-r01,2026-09-11T13:04:51.54687938Z,20001.264,none,false,0,0,0,0,0,107,10,10,0,0,0,0,0
aws-calib2-e8c21674a86f,baseline-transform-timeout-r01,2026-09-11T13:04:52.546965386Z,21001.350,none,false,2,0,2,0,8150048,112,12,10,0,0,0,0,0
aws-calib2-e8c21674a86f,baseline-transform-timeout-r01,2026-09-11T13:04:53.546755571Z,22001.140,none,false,2,0,2,0,8150048,117,12,10,0,0,0,0,0
aws-calib2-e8c21674a86f,baseline-transform-timeout-r01,2026-09-11T13:04:54.546119321Z,23000.504,none,false,1,0,1,0,4075024,122,13,12,0,0,0,0,0
aws-calib2-e8c21674a86f,baseline-transform-timeout-r01,2026-09-11T13:04:55.546213862Z,24000.598,none,false,0,0,0,0,0,127,13,13,0,0,0,0,0
aws-calib2-e8c21674a86f,baseline-transform-timeout-r01,2026-09-11T13:04:56.545806204Z,25000.191,none,false,0,0,0,0,0,132,13,13,0,0,0,0,0
aws-calib2-e8c21674a86f,baseline-transform-timeout-r01,2026-09-11T13:04:57.547357411Z,26001.742,none,false,2,0,2,0,8150048,137,15,13,0,0,0,0,0
aws-calib2-e8c21674a86f,baseline-transform-timeout-r01,2026-09-11T13:04:58.546956357Z,27001.341,none,false,2,0,2,0,8150048,142,15,13,0,0,0,0,0
aws-calib2-e8c21674a86f,baseline-transform-timeout-r01,2026-09-11T13:04:59.54642504Z,28000.810,none,false,1,0,1,0,4075024,147,16,15,0,0,0,0,0
aws-calib2-e8c21674a86f,baseline-transform-timeout-r01,2026-09-11T13:05:00.546161721Z,29000.546,none,false,0,0,0,0,0,152,16,16,0,0,0,0,0
aws-calib2-e8c21674a86f,baseline-transform-timeout-r01,2026-09-11T13:05:01.54705839Z,30001.443,transform-timeout,false,0,0,0,0,0,157,16,16,0,0,0,0,0
aws-calib2-e8c21674a86f,baseline-transform-timeout-r01,2026-09-11T13:05:02.546233959Z,31000.618,transform-timeout,false,2,0,2,0,8150048,162,18,16,0,0,0,0,1
aws-calib2-e8c21674a86f,baseline-transform-timeout-r01,2026-09-11T13:05:03.546658964Z,32001.043,transform-timeout,false,1,0,1,0,4075024,167,18,17,0,0,0,0,1
aws-calib2-e8c21674a86f,baseline-transform-timeout-r01,2026-09-11T13:05:04.546091271Z,33000.476,transform-timeout,false,2,0,2,0,8150048,172,19,17,0,0,0,0,2
aws-calib2-e8c21674a86f,baseline-transform-timeout-r01,2026-09-11T13:05:05.545717103Z,34000.102,transform-timeout,false,2,0,2,0,8150048,177,19,17,0,0,0,0,2
aws-calib2-e8c21674a86f,baseline-transform-timeout-r01,2026-09-11T13:05:06.546132815Z,35000.517,transform-timeout,false,2,0,2,0,8150048,182,19,17,0,0,0,0,2
aws-calib2-e8c21674a86f,baseline-transform-timeout-r01,2026-09-11T13:05:07.545710875Z,36000.095,transform-timeout,false,3,0,3,0,12225072,187,21,18,0,0,0,0,3
aws-calib2-e8c21674a86f,baseline-transform-timeout-r01,2026-09-11T13:05:08.545901046Z,37000.286,transform-timeout,false,3,0,3,0,12225072,192,21,18,0,0,0,0,3
aws-calib2-e8c21674a86f,baseline-transform-timeout-r01,2026-09-11T13:05:09.546256785Z,38000.641,transform-timeout,false,4,0,4,0,16300096,197,22,18,0,0,0,0,4
aws-calib2-e8c21674a86f,baseline-transform-timeout-r01,2026-09-11T13:05:10.545714491Z,39000.099,transform-timeout,false,4,0,4,0,16300096,202,22,18,0,0,0,0,4
aws-calib2-e8c21674a86f,baseline-transform-timeout-r01,2026-09-11T13:05:11.546089915Z,40000.474,transform-timeout,false,4,0,4,0,16300096,207,22,18,0,0,0,0,4
aws-calib2-e8c21674a86f,baseline-transform-timeout-r01,2026-09-11T13:05:12.546334801Z,41000.719,transform-timeout,false,4,2,6,0,24450144,212,24,18,0,0,0,0,4
aws-calib2-e8c21674a86f,baseline-transform-timeout-r01,2026-09-11T13:05:13.546664905Z,42001.049,transform-timeout,false,4,2,6,0,24450144,217,24,18,0,0,0,0,4
aws-calib2-e8c21674a86f,baseline-transform-timeout-r01,2026-09-11T13:05:14.546546267Z,43000.931,transform-timeout,false,4,3,7,0,28525168,222,25,18,0,0,0,0,4
aws-calib2-e8c21674a86f,baseline-transform-timeout-r01,2026-09-11T13:05:15.546431171Z,44000.816,transform-timeout,false,4,3,7,0,28525168,227,25,18,0,0,0,0,4
aws-calib2-e8c21674a86f,baseline-transform-timeout-r01,2026-09-11T13:05:16.546563223Z,45000.948,transform-timeout,false,4,3,7,0,28525168,232,25,18,0,0,0,0,4
aws-calib2-e8c21674a86f,baseline-transform-timeout-r01,2026-09-11T13:05:17.546216328Z,46000.601,transform-timeout,false,4,5,9,0,36675216,237,27,18,0,0,0,0,4
aws-calib2-e8c21674a86f,baseline-transform-timeout-r01,2026-09-11T13:05:18.546322293Z,47000.707,transform-timeout,false,4,5,9,0,36675216,242,27,18,0,0,0,0,4
aws-calib2-e8c21674a86f,baseline-transform-timeout-r01,2026-09-11T13:05:19.545721689Z,48000.106,transform-timeout,false,4,6,10,0,40750240,247,28,18,0,0,0,0,4
aws-calib2-e8c21674a86f,baseline-transform-timeout-r01,2026-09-11T13:05:20.546756533Z,49001.141,transform-timeout,false,4,6,10,0,40750240,252,28,18,0,0,0,0,4
aws-calib2-e8c21674a86f,baseline-transform-timeout-r01,2026-09-11T13:05:21.546759118Z,50001.144,transform-timeout,false,4,6,10,0,40750240,257,28,18,0,0,0,0,4
aws-calib2-e8c21674a86f,baseline-transform-timeout-r01,2026-09-11T13:05:22.546161689Z,51000.546,transform-timeout,false,4,7,11,0,44825264,262,30,18,0,1,0,0,5
aws-calib2-e8c21674a86f,baseline-transform-timeout-r01,2026-09-11T13:05:23.54629586Z,52000.680,transform-timeout,false,4,7,11,0,44825264,267,30,18,0,1,0,0,5
aws-calib2-e8c21674a86f,baseline-transform-timeout-r01,2026-09-11T13:05:24.547247074Z,53001.632,transform-timeout,false,4,7,11,0,44825264,272,31,18,0,2,0,0,5
aws-calib2-e8c21674a86f,baseline-transform-timeout-r01,2026-09-11T13:05:25.546258664Z,54000.643,transform-timeout,false,4,6,10,0,40750240,277,31,19,0,2,0,0,6
aws-calib2-e8c21674a86f,baseline-transform-timeout-r01,2026-09-11T13:05:26.546286588Z,55000.671,transform-timeout,false,4,6,10,0,40750240,282,31,19,0,2,0,0,6
aws-calib2-e8c21674a86f,baseline-transform-timeout-r01,2026-09-11T13:05:27.546414852Z,56000.799,transform-timeout,false,4,6,10,0,40750240,287,33,20,0,3,0,0,7
aws-calib2-e8c21674a86f,baseline-transform-timeout-r01,2026-09-11T13:05:28.546409871Z,57000.794,transform-timeout,false,4,6,10,0,40750240,292,33,20,0,3,0,0,7
aws-calib2-e8c21674a86f,baseline-transform-timeout-r01,2026-09-11T13:05:29.545727273Z,58000.112,transform-timeout,false,4,6,10,0,40750240,297,34,20,0,4,0,0,8
aws-calib2-e8c21674a86f,baseline-transform-timeout-r01,2026-09-11T13:05:30.546884078Z,59001.268,transform-timeout,false,4,6,10,0,40750240,302,34,20,0,4,0,0,8
aws-calib2-e8c21674a86f,baseline-transform-timeout-r01,2026-09-11T13:05:31.546845517Z,60001.230,transform-timeout,false,4,6,10,0,40750240,307,34,20,0,4,0,0,8
aws-calib2-e8c21674a86f,baseline-transform-timeout-r01,2026-09-11T13:05:32.546106792Z,61000.491,transform-timeout,false,4,7,11,0,44825264,312,36,20,0,5,0,0,9
aws-calib2-e8c21674a86f,baseline-transform-timeout-r01,2026-09-11T13:05:33.546166332Z,62000.551,transform-timeout,false,4,7,11,0,44825264,317,36,20,0,5,0,0,9
aws-calib2-e8c21674a86f,baseline-transform-timeout-r01,2026-09-11T13:05:34.547309191Z,63001.694,transform-timeout,false,4,7,11,0,44825264,322,37,20,0,6,0,0,9
aws-calib2-e8c21674a86f,baseline-transform-timeout-r01,2026-09-11T13:05:35.546087425Z,64000.472,transform-timeout,false,4,6,10,0,40750240,327,37,21,0,6,0,0,10
aws-calib2-e8c21674a86f,baseline-transform-timeout-r01,2026-09-11T13:05:36.545881716Z,65000.266,transform-timeout,false,4,6,10,0,40750240,332,37,21,0,6,0,0,10
aws-calib2-e8c21674a86f,baseline-transform-timeout-r01,2026-09-11T13:05:37.546095086Z,66000.479,transform-timeout,false,4,7,11,0,44825264,337,39,21,0,7,0,0,11
aws-calib2-e8c21674a86f,baseline-transform-timeout-r01,2026-09-11T13:05:38.546082911Z,67000.467,transform-timeout,false,4,7,11,0,44825264,342,39,21,0,7,0,0,11
aws-calib2-e8c21674a86f,baseline-transform-timeout-r01,2026-09-11T13:05:39.546883588Z,68001.268,transform-timeout,false,4,7,11,0,44825264,347,40,21,0,8,0,0,11
aws-calib2-e8c21674a86f,baseline-transform-timeout-r01,2026-09-11T13:05:40.546415434Z,69000.800,transform-timeout,false,4,6,10,0,40750240,352,40,22,0,8,0,0,12
aws-calib2-e8c21674a86f,baseline-transform-timeout-r01,2026-09-11T13:05:41.546176728Z,70000.561,transform-timeout,false,4,6,10,0,40750240,357,40,22,0,8,0,0,12
aws-calib2-e8c21674a86f,baseline-transform-timeout-r01,2026-09-11T13:05:42.546094197Z,71000.479,transform-timeout,false,4,6,10,0,40750240,362,42,23,0,9,0,0,13
aws-calib2-e8c21674a86f,baseline-transform-timeout-r01,2026-09-11T13:05:43.546498674Z,72000.883,transform-timeout,false,4,6,10,0,40750240,367,42,23,0,9,0,0,13
aws-calib2-e8c21674a86f,baseline-transform-timeout-r01,2026-09-11T13:05:44.546121297Z,73000.506,transform-timeout,false,4,6,10,0,40750240,372,43,23,0,10,0,0,14
aws-calib2-e8c21674a86f,baseline-transform-timeout-r01,2026-09-11T13:05:45.546049402Z,74000.434,transform-timeout,false,4,6,10,0,40750240,377,43,23,0,10,0,0,14
aws-calib2-e8c21674a86f,baseline-transform-timeout-r01,2026-09-11T13:05:46.546183752Z,75000.568,transform-timeout,false,4,6,10,0,40750240,382,43,23,0,10,0,0,14
aws-calib2-e8c21674a86f,baseline-transform-timeout-r01,2026-09-11T13:05:47.546146612Z,76000.531,transform-timeout,false,4,7,11,0,44825264,387,45,23,0,11,0,0,15
aws-calib2-e8c21674a86f,baseline-transform-timeout-r01,2026-09-11T13:05:48.546262234Z,77000.647,transform-timeout,false,4,7,11,0,44825264,392,45,23,0,11,0,0,15
aws-calib2-e8c21674a86f,baseline-transform-timeout-r01,2026-09-11T13:05:49.545708842Z,78000.093,transform-timeout,false,4,7,11,0,44825264,397,46,23,0,12,0,0,15
aws-calib2-e8c21674a86f,baseline-transform-timeout-r01,2026-09-11T13:05:50.546259896Z,79000.644,transform-timeout,false,4,6,10,0,40750240,402,46,24,0,12,0,0,16
aws-calib2-e8c21674a86f,baseline-transform-timeout-r01,2026-09-11T13:05:51.54614137Z,80000.526,transform-timeout,false,4,6,10,0,40750240,407,46,24,0,12,0,0,16
aws-calib2-e8c21674a86f,baseline-transform-timeout-r01,2026-09-11T13:05:52.54610923Z,81000.494,transform-timeout,false,4,6,10,0,40750240,412,48,25,0,13,0,0,17
aws-calib2-e8c21674a86f,baseline-transform-timeout-r01,2026-09-11T13:05:53.54631535Z,82000.700,transform-timeout,false,4,6,10,0,40750240,417,48,25,0,13,0,0,17
aws-calib2-e8c21674a86f,baseline-transform-timeout-r01,2026-09-11T13:05:54.54623045Z,83000.615,transform-timeout,false,4,6,10,0,40750240,422,49,25,0,14,0,0,18
aws-calib2-e8c21674a86f,baseline-transform-timeout-r01,2026-09-11T13:05:55.546077117Z,84000.462,transform-timeout,false,4,6,10,0,40750240,427,49,25,0,14,0,0,18
aws-calib2-e8c21674a86f,baseline-transform-timeout-r01,2026-09-11T13:05:56.546169637Z,85000.554,transform-timeout,false,4,6,10,0,40750240,432,49,25,0,14,0,0,18
aws-calib2-e8c21674a86f,baseline-transform-timeout-r01,2026-09-11T13:05:57.546464467Z,86000.849,transform-timeout,false,4,7,11,0,44825264,437,51,25,0,15,0,0,19
aws-calib2-e8c21674a86f,baseline-transform-timeout-r01,2026-09-11T13:05:58.54664784Z,87001.032,transform-timeout,false,4,7,11,0,44825264,442,51,25,0,15,0,0,19
aws-calib2-e8c21674a86f,baseline-transform-timeout-r01,2026-09-11T13:05:59.546248205Z,88000.633,transform-timeout,false,4,7,11,0,44825264,447,52,25,0,16,0,0,19
aws-calib2-e8c21674a86f,baseline-transform-timeout-r01,2026-09-11T13:06:00.546396444Z,89000.781,transform-timeout,false,4,6,10,0,40750240,452,52,26,0,16,0,0,20
aws-calib2-e8c21674a86f,baseline-transform-timeout-r01,2026-09-11T13:06:01.545795318Z,90000.180,transform-timeout,false,4,6,10,0,40750240,457,52,26,0,16,0,0,20
aws-calib2-e8c21674a86f,baseline-transform-timeout-r01,2026-09-11T13:06:02.548476555Z,91002.861,none,false,4,7,11,0,44825264,462,54,26,0,17,0,0,20
aws-calib2-e8c21674a86f,baseline-transform-timeout-r01,2026-09-11T13:06:03.546357034Z,92000.741,none,false,4,6,10,0,40750240,467,54,27,0,17,0,0,20
aws-calib2-e8c21674a86f,baseline-transform-timeout-r01,2026-09-11T13:06:04.546262316Z,93000.647,none,false,4,5,9,0,36675216,472,55,28,0,18,0,0,20
aws-calib2-e8c21674a86f,baseline-transform-timeout-r01,2026-09-11T13:06:05.547228484Z,94001.613,none,false,4,5,9,0,36675216,477,55,28,0,18,0,0,20
aws-calib2-e8c21674a86f,baseline-transform-timeout-r01,2026-09-11T13:06:06.546656172Z,95001.041,none,false,4,3,7,0,28525168,482,55,30,0,18,0,0,20
aws-calib2-e8c21674a86f,baseline-transform-timeout-r01,2026-09-11T13:06:07.547099551Z,96001.484,none,false,4,4,8,0,32600192,487,57,30,0,19,0,0,20
aws-calib2-e8c21674a86f,baseline-transform-timeout-r01,2026-09-11T13:06:08.545733859Z,97000.118,none,false,4,4,8,0,32600192,492,57,30,0,19,0,0,20
aws-calib2-e8c21674a86f,baseline-transform-timeout-r01,2026-09-11T13:06:09.546895015Z,98001.279,none,false,4,2,6,0,24450144,497,58,32,0,20,0,0,20
aws-calib2-e8c21674a86f,baseline-transform-timeout-r01,2026-09-11T13:06:10.546604156Z,99000.989,none,false,4,1,5,0,20375120,502,58,33,0,20,0,0,20
aws-calib2-e8c21674a86f,baseline-transform-timeout-r01,2026-09-11T13:06:11.547983119Z,100002.368,none,false,4,1,5,0,20375120,507,58,33,0,20,0,0,20
aws-calib2-e8c21674a86f,baseline-transform-timeout-r01,2026-09-11T13:06:12.54671837Z,101001.103,none,false,4,3,7,0,28525168,512,60,33,0,20,0,0,20
aws-calib2-e8c21674a86f,baseline-transform-timeout-r01,2026-09-11T13:06:13.54704156Z,102001.426,none,false,4,3,7,0,28525168,517,60,33,0,20,0,0,20
aws-calib2-e8c21674a86f,baseline-transform-timeout-r01,2026-09-11T13:06:14.546541847Z,103000.926,none,false,4,0,4,0,16300096,522,61,37,0,20,0,0,20
aws-calib2-e8c21674a86f,baseline-transform-timeout-r01,2026-09-11T13:06:15.546503122Z,104000.888,none,false,4,0,4,0,16300096,527,61,37,0,20,0,0,20
aws-calib2-e8c21674a86f,baseline-transform-timeout-r01,2026-09-11T13:06:16.54635187Z,105000.736,none,false,4,0,4,0,16300096,532,61,37,0,20,0,0,20
aws-calib2-e8c21674a86f,baseline-transform-timeout-r01,2026-09-11T13:06:17.545701662Z,106000.086,none,false,4,2,6,0,24450144,537,63,37,0,20,0,0,20
aws-calib2-e8c21674a86f,baseline-transform-timeout-r01,2026-09-11T13:06:18.546481836Z,107000.866,none,false,4,0,4,0,16300096,542,63,39,0,20,0,0,20
aws-calib2-e8c21674a86f,baseline-transform-timeout-r01,2026-09-11T13:06:19.54707783Z,108001.462,none,false,3,0,3,0,12225072,547,64,41,0,20,0,0,20
aws-calib2-e8c21674a86f,baseline-transform-timeout-r01,2026-09-11T13:06:20.546664327Z,109001.049,none,false,3,0,3,0,12225072,552,64,41,0,20,0,0,20
aws-calib2-e8c21674a86f,baseline-transform-timeout-r01,2026-09-11T13:06:21.546466562Z,110000.851,none,false,0,0,1,0,4075024,557,64,44,0,20,0,0,20
aws-calib2-e8c21674a86f,baseline-transform-timeout-r01,2026-09-11T13:06:22.546811574Z,111001.196,none,false,2,0,2,0,8150048,562,66,44,0,20,0,0,20
aws-calib2-e8c21674a86f,baseline-transform-timeout-r01,2026-09-11T13:06:23.546747766Z,112001.132,none,false,2,0,2,0,8150048,567,66,44,0,20,0,0,20
aws-calib2-e8c21674a86f,baseline-transform-timeout-r01,2026-09-11T13:06:24.546614873Z,113000.999,none,false,1,0,1,0,4075024,572,67,46,0,20,0,0,20
aws-calib2-e8c21674a86f,baseline-transform-timeout-r01,2026-09-11T13:06:25.546261613Z,114000.646,none,false,0,0,0,0,0,577,67,47,0,20,0,0,20
aws-calib2-e8c21674a86f,baseline-transform-timeout-r01,2026-09-11T13:06:26.546840571Z,115001.225,none,false,0,0,0,0,0,582,67,47,0,20,0,0,20
aws-calib2-e8c21674a86f,baseline-transform-timeout-r01,2026-09-11T13:06:27.546655618Z,116001.040,none,false,2,0,2,0,8150048,587,69,47,0,20,0,0,20
aws-calib2-e8c21674a86f,baseline-transform-timeout-r01,2026-09-11T13:06:28.546293988Z,117000.678,none,false,2,0,2,0,8150048,592,69,47,0,20,0,0,20
aws-calib2-e8c21674a86f,baseline-transform-timeout-r01,2026-09-11T13:06:29.546962865Z,118001.347,none,false,1,0,1,0,4075024,597,70,49,0,20,0,0,20
aws-calib2-e8c21674a86f,baseline-transform-timeout-r01,2026-09-11T13:06:30.546654767Z,119001.039,none,false,0,0,0,0,0,602,70,50,0,20,0,0,20
aws-calib2-e8c21674a86f,baseline-transform-timeout-r01,2026-09-11T13:06:31.545902889Z,120000.287,none,false,0,0,0,0,0,607,70,50,0,20,0,0,20
aws-calib2-e8c21674a86f,baseline-transform-timeout-r01,2026-09-11T13:06:32.547289214Z,121001.674,none,false,2,0,2,0,8150048,612,72,50,0,20,0,0,20
aws-calib2-e8c21674a86f,baseline-transform-timeout-r01,2026-09-11T13:06:33.547281367Z,122001.666,none,false,2,0,2,0,8150048,617,72,50,0,20,0,0,20
aws-calib2-e8c21674a86f,baseline-transform-timeout-r01,2026-09-11T13:06:34.546402427Z,123000.787,none,false,1,0,1,0,4075024,622,73,52,0,20,0,0,20
aws-calib2-e8c21674a86f,baseline-transform-timeout-r01,2026-09-11T13:06:35.546414821Z,124000.799,none,false,0,0,0,0,0,627,73,53,0,20,0,0,20
aws-calib2-e8c21674a86f,baseline-transform-timeout-r01,2026-09-11T13:06:36.546503331Z,125000.888,none,false,0,0,0,0,0,632,73,53,0,20,0,0,20
aws-calib2-e8c21674a86f,baseline-transform-timeout-r01,2026-09-11T13:06:37.545729309Z,126000.114,none,false,2,0,2,0,8150048,637,75,53,0,20,0,0,20
aws-calib2-e8c21674a86f,baseline-transform-timeout-r01,2026-09-11T13:06:38.546638572Z,127001.023,none,false,2,0,2,0,8150048,642,75,53,0,20,0,0,20
aws-calib2-e8c21674a86f,baseline-transform-timeout-r01,2026-09-11T13:06:39.546619418Z,128001.004,none,false,1,0,1,0,4075024,647,76,55,0,20,0,0,20
aws-calib2-e8c21674a86f,baseline-transform-timeout-r01,2026-09-11T13:06:40.546512274Z,129000.897,none,false,0,0,0,0,0,652,76,56,0,20,0,0,20
aws-calib2-e8c21674a86f,baseline-transform-timeout-r01,2026-09-11T13:06:41.546085156Z,130000.470,none,false,0,0,0,0,0,657,76,56,0,20,0,0,20
aws-calib2-e8c21674a86f,baseline-transform-timeout-r01,2026-09-11T13:06:42.54633072Z,131000.715,none,false,2,0,2,0,8150048,662,78,56,0,20,0,0,20
aws-calib2-e8c21674a86f,baseline-transform-timeout-r01,2026-09-11T13:06:43.546034835Z,132000.419,none,false,2,0,2,0,8150048,667,78,56,0,20,0,0,20
aws-calib2-e8c21674a86f,baseline-transform-timeout-r01,2026-09-11T13:06:44.546078959Z,133000.463,none,false,1,0,1,0,4075024,672,79,58,0,20,0,0,20
aws-calib2-e8c21674a86f,baseline-transform-timeout-r01,2026-09-11T13:06:45.546631524Z,134001.016,none,false,0,0,0,0,0,677,79,59,0,20,0,0,20
aws-calib2-e8c21674a86f,baseline-transform-timeout-r01,2026-09-11T13:06:46.545973462Z,135000.358,none,false,0,0,0,0,0,682,79,59,0,20,0,0,20
aws-calib2-e8c21674a86f,baseline-transform-timeout-r01,2026-09-11T13:06:47.546489082Z,136000.874,none,false,2,0,2,0,8150048,687,81,59,0,20,0,0,20
aws-calib2-e8c21674a86f,baseline-transform-timeout-r01,2026-09-11T13:06:48.546135513Z,137000.520,none,false,2,0,2,0,8150048,692,81,59,0,20,0,0,20
aws-calib2-e8c21674a86f,baseline-transform-timeout-r01,2026-09-11T13:06:49.545777254Z,138000.162,none,false,1,0,1,0,4075024,697,82,61,0,20,0,0,20
aws-calib2-e8c21674a86f,baseline-transform-timeout-r01,2026-09-11T13:06:50.545744157Z,139000.129,none,false,0,0,0,0,0,702,82,62,0,20,0,0,20
aws-calib2-e8c21674a86f,baseline-transform-timeout-r01,2026-09-11T13:06:51.546120802Z,140000.505,none,false,0,0,0,0,0,707,82,62,0,20,0,0,20
aws-calib2-e8c21674a86f,baseline-transform-timeout-r01,2026-09-11T13:06:52.546463181Z,141000.848,none,false,2,0,2,0,8150048,712,84,62,0,20,0,0,20
aws-calib2-e8c21674a86f,baseline-transform-timeout-r01,2026-09-11T13:06:53.545714168Z,142000.099,none,false,2,0,2,0,8150048,717,84,62,0,20,0,0,20
aws-calib2-e8c21674a86f,baseline-transform-timeout-r01,2026-09-11T13:06:54.546594497Z,143000.979,none,false,1,0,1,0,4075024,722,85,64,0,20,0,0,20
aws-calib2-e8c21674a86f,baseline-transform-timeout-r01,2026-09-11T13:06:55.546129858Z,144000.514,none,false,0,0,0,0,0,727,85,65,0,20,0,0,20
aws-calib2-e8c21674a86f,baseline-transform-timeout-r01,2026-09-11T13:06:56.546557197Z,145000.942,none,false,0,0,0,0,0,732,85,65,0,20,0,0,20
aws-calib2-e8c21674a86f,baseline-transform-timeout-r01,2026-09-11T13:06:57.546403252Z,146000.788,none,false,2,0,2,0,8150048,737,87,65,0,20,0,0,20
aws-calib2-e8c21674a86f,baseline-transform-timeout-r01,2026-09-11T13:06:58.546719687Z,147001.104,none,false,2,0,2,0,8150048,742,87,65,0,20,0,0,20
aws-calib2-e8c21674a86f,baseline-transform-timeout-r01,2026-09-11T13:06:59.54635107Z,148000.736,none,false,1,0,1,0,4075024,747,88,67,0,20,0,0,20
aws-calib2-e8c21674a86f,baseline-transform-timeout-r01,2026-09-11T13:07:00.546036208Z,149000.421,none,false,0,0,0,0,0,752,88,68,0,20,0,0,20
aws-calib2-e8c21674a86f,baseline-transform-timeout-r01,2026-09-11T13:07:01.546863774Z,150001.248,none,false,0,0,0,0,0,757,88,68,0,20,0,0,20
aws-calib2-e8c21674a86f,baseline-transform-timeout-r01,2026-09-11T13:07:01.547480803Z,150001.865,none,false,0,0,0,0,0,757,88,68,0,20,0,0,20
