run_id,trial_id,scenario,request_id,image_key,task_id,started_at,finished_at,latency_ms,http_status,response_sha256,error_type,coalesced,cache
calibration-20260902-g,S0-r01,S0,request-001,d4745ce8b0076d85ef4bad6643512dad50425d8f61a49108664596ff785caf3e,20a265fc26ad,2026-09-01T15:48:59.709863396Z,2026-09-01T15:49:00.025237574Z,315.374180,200,fa5bbaa12602c6803fc911cd560f3cd567585f7b4703499b433ac2343ab380c5,,false,miss
calibration-20260902-g,S2-10-r01,S2-10,request-001,d4745ce8b0076d85ef4bad6643512dad50425d8f61a49108664596ff785caf3e,20a265fc26ad,2026-09-01T15:49:00.371108999Z,2026-09-01T15:49:00.696233452Z,325.124455,200,fa5bbaa12602c6803fc911cd560f3cd567585f7b4703499b433ac2343ab380c5,,true,miss
calibration-20260902-g,S2-10-r01,S2-10,request-002,d4745ce8b0076d85ef4bad6643512dad50425d8f61a49108664596ff785caf3e,20a265fc26ad,2026-09-01T15:49:00.371047055Z,2026-09-01T15:49:00.695957286Z,324.910236,200,fa5bbaa12602c6803fc911cd560f3cd567585f7b4703499b433ac2343ab380c5,,true,miss
calibration-20260902-g,S2-10-r01,S2-10,request-003,d4745ce8b0076d85ef4bad6643512dad50425d8f61a49108664596ff785caf3e,20a265fc26ad,2026-09-01T15:49:00.37103061Z,2026-09-01T15:49:00.696155098Z,325.124495,200,fa5bbaa12602c6803fc911cd560f3cd567585f7b4703499b433ac2343ab380c5,,false,miss
calibration-20260902-g,S2-10-r01,S2-10,request-004,d4745ce8b0076d85ef4bad6643512dad50425d8f61a49108664596ff785caf3e,20a265fc26ad,2026-09-01T15:49:00.370987316Z,2026-09-01T15:49:00.696347497Z,325.360181,200,fa5bbaa12602c6803fc911cd560f3cd567585f7b4703499b433ac2343ab380c5,,true,miss
calibration-20260902-g,S2-10-r01,S2-10,request-005,d4745ce8b0076d85ef4bad6643512dad50425d8f61a49108664596ff785caf3e,20a265fc26ad,2026-09-01T15:49:00.371162642Z,2026-09-01T15:49:00.696290249Z,325.127613,200,fa5bbaa12602c6803fc911cd560f3cd567585f7b4703499b433ac2343ab380c5,,true,miss
calibration-20260902-g,S2-10-r01,S2-10,request-006,d4745ce8b0076d85ef4bad6643512dad50425d8f61a49108664596ff785caf3e,20a265fc26ad,2026-09-01T15:49:00.371138515Z,2026-09-01T15:49:00.69634087Z,325.202360,200,fa5bbaa12602c6803fc911cd560f3cd567585f7b4703499b433ac2343ab380c5,,true,miss
calibration-20260902-g,S2-10-r01,S2-10,request-007,d4745ce8b0076d85ef4bad6643512dad50425d8f61a49108664596ff785caf3e,20a265fc26ad,2026-09-01T15:49:00.371111256Z,2026-09-01T15:49:00.696238504Z,325.127255,200,fa5bbaa12602c6803fc911cd560f3cd567585f7b4703499b433ac2343ab380c5,,true,miss
calibration-20260902-g,S2-10-r01,S2-10,request-008,d4745ce8b0076d85ef4bad6643512dad50425d8f61a49108664596ff785caf3e,20a265fc26ad,2026-09-01T15:49:00.371012561Z,2026-09-01T15:49:00.696286317Z,325.273759,200,fa5bbaa12602c6803fc911cd560f3cd567585f7b4703499b433ac2343ab380c5,,true,miss
calibration-20260902-g,S2-10-r01,S2-10,request-009,d4745ce8b0076d85ef4bad6643512dad50425d8f61a49108664596ff785caf3e,20a265fc26ad,2026-09-01T15:49:00.371128093Z,2026-09-01T15:49:00.696407801Z,325.279709,200,fa5bbaa12602c6803fc911cd560f3cd567585f7b4703499b433ac2343ab380c5,,true,miss
calibration-20260902-g,S2-10-r01,S2-10,request-010,d4745ce8b0076d85ef4bad6643512dad50425d8f61a49108664596ff785caf3e,20a265fc26ad,2026-09-01T15:49:00.371182079Z,2026-09-01T15:49:00.696391255Z,325.209181,200,fa5bbaa12602c6803fc911cd560f3cd567585f7b4703499b433ac2343ab380c5,,true,miss
calibration-20260902-g,S1-10-r01,S1-10,request-001,d4745ce8b0076d85ef4bad6643512dad50425d8f61a49108664596ff785caf3e,20a265fc26ad,2026-09-01T15:49:01.053131234Z,2026-09-01T15:49:02.500120396Z,1446.989164,200,fa5bbaa12602c6803fc911cd560f3cd567585f7b4703499b433ac2343ab380c5,,false,miss
calibration-20260902-g,S1-10-r01,S1-10,request-002,d4745ce8b0076d85ef4bad6643512dad50425d8f61a49108664596ff785caf3e,20a265fc26ad,2026-09-01T15:49:01.053113962Z,2026-09-01T15:49:03.600093703Z,2546.979745,200,fa5bbaa12602c6803fc911cd560f3cd567585f7b4703499b433ac2343ab380c5,,false,miss
calibration-20260902-g,S1-10-r01,S1-10,request-003,d4745ce8b0076d85ef4bad6643512dad50425d8f61a49108664596ff785caf3e,20a265fc26ad,2026-09-01T15:49:01.05308556Z,2026-09-01T15:49:03.693756452Z,2640.670900,200,fa5bbaa12602c6803fc911cd560f3cd567585f7b4703499b433ac2343ab380c5,,false,miss
calibration-20260902-g,S1-10-r01,S1-10,request-004,d4745ce8b0076d85ef4bad6643512dad50425d8f61a49108664596ff785caf3e,20a265fc26ad,2026-09-01T15:49:01.053067204Z,2026-09-01T15:49:04.302070175Z,3249.002976,200,fa5bbaa12602c6803fc911cd560f3cd567585f7b4703499b433ac2343ab380c5,,false,miss
calibration-20260902-g,S1-10-r01,S1-10,request-005,d4745ce8b0076d85ef4bad6643512dad50425d8f61a49108664596ff785caf3e,20a265fc26ad,2026-09-01T15:49:01.053051299Z,2026-09-01T15:49:02.310432463Z,1257.381172,200,fa5bbaa12602c6803fc911cd560f3cd567585f7b4703499b433ac2343ab380c5,,false,miss
calibration-20260902-g,S1-10-r01,S1-10,request-006,d4745ce8b0076d85ef4bad6643512dad50425d8f61a49108664596ff785caf3e,20a265fc26ad,2026-09-01T15:49:01.053015972Z,2026-09-01T15:49:04.331974749Z,3278.958786,200,fa5bbaa12602c6803fc911cd560f3cd567585f7b4703499b433ac2343ab380c5,,false,miss
calibration-20260902-g,S1-10-r01,S1-10,request-007,d4745ce8b0076d85ef4bad6643512dad50425d8f61a49108664596ff785caf3e,20a265fc26ad,2026-09-01T15:49:01.052999126Z,2026-09-01T15:49:02.404613893Z,1351.614772,200,fa5bbaa12602c6803fc911cd560f3cd567585f7b4703499b433ac2343ab380c5,,false,miss
calibration-20260902-g,S1-10-r01,S1-10,request-008,d4745ce8b0076d85ef4bad6643512dad50425d8f61a49108664596ff785caf3e,20a265fc26ad,2026-09-01T15:49:01.052970701Z,2026-09-01T15:49:03.791454929Z,2738.484234,200,fa5bbaa12602c6803fc911cd560f3cd567585f7b4703499b433ac2343ab380c5,,false,miss
calibration-20260902-g,S1-10-r01,S1-10,request-009,d4745ce8b0076d85ef4bad6643512dad50425d8f61a49108664596ff785caf3e,20a265fc26ad,2026-09-01T15:49:01.052948031Z,2026-09-01T15:49:03.798642706Z,2745.694679,200,fa5bbaa12602c6803fc911cd560f3cd567585f7b4703499b433ac2343ab380c5,,false,miss
calibration-20260902-g,S1-10-r01,S1-10,request-010,d4745ce8b0076d85ef4bad6643512dad50425d8f61a49108664596ff785caf3e,20a265fc26ad,2026-09-01T15:49:01.052821514Z,2026-09-01T15:49:02.493172167Z,1440.350650,200,fa5bbaa12602c6803fc911cd560f3cd567585f7b4703499b433ac2343ab380c5,,false,miss
calibration-20260902-g,S1-50-r01,S1-50,request-001,d4745ce8b0076d85ef4bad6643512dad50425d8f61a49108664596ff785caf3e,20a265fc26ad,2026-09-01T15:49:04.698584453Z,2026-09-01T15:49:21.742421225Z,13710.258819,200,fa5bbaa12602c6803fc911cd560f3cd567585f7b4703499b433ac2343ab380c5,,false,miss
calibration-20260902-g,S1-50-r01,S1-50,request-002,d4745ce8b0076d85ef4bad6643512dad50425d8f61a49108664596ff785caf3e,20a265fc26ad,2026-09-01T15:49:04.698562957Z,2026-09-01T15:49:23.748886008Z,15716.745101,200,fa5bbaa12602c6803fc911cd560f3cd567585f7b4703499b433ac2343ab380c5,,false,miss
calibration-20260902-g,S1-50-r01,S1-50,request-003,d4745ce8b0076d85ef4bad6643512dad50425d8f61a49108664596ff785caf3e,20a265fc26ad,2026-09-01T15:49:04.698536644Z,2026-09-01T15:49:19.23272889Z,11200.614295,200,fa5bbaa12602c6803fc911cd560f3cd567585f7b4703499b433ac2343ab380c5,,false,miss
calibration-20260902-g,S1-50-r01,S1-50,request-004,d4745ce8b0076d85ef4bad6643512dad50425d8f61a49108664596ff785caf3e,20a265fc26ad,2026-09-01T15:49:04.698519496Z,2026-09-01T15:49:18.128380247Z,10096.282797,200,fa5bbaa12602c6803fc911cd560f3cd567585f7b4703499b433ac2343ab380c5,,false,miss
calibration-20260902-g,S1-50-r01,S1-50,request-005,d4745ce8b0076d85ef4bad6643512dad50425d8f61a49108664596ff785caf3e,20a265fc26ad,2026-09-01T15:49:04.698500545Z,2026-09-01T15:49:23.756549026Z,15724.470530,200,fa5bbaa12602c6803fc911cd560f3cd567585f7b4703499b433ac2343ab380c5,,false,miss
calibration-20260902-g,S1-50-r01,S1-50,request-006,d4745ce8b0076d85ef4bad6643512dad50425d8f61a49108664596ff785caf3e,20a265fc26ad,2026-09-01T15:49:04.698464946Z,2026-09-01T15:49:07.408003331Z,2709.538391,200,fa5bbaa12602c6803fc911cd560f3cd567585f7b4703499b433ac2343ab380c5,,false,miss
calibration-20260902-g,S1-50-r01,S1-50,request-007,d4745ce8b0076d85ef4bad6643512dad50425d8f61a49108664596ff785caf3e,20a265fc26ad,2026-09-01T15:49:04.698446053Z,2026-09-01T15:49:18.035765986Z,10003.741980,200,fa5bbaa12602c6803fc911cd560f3cd567585f7b4703499b433ac2343ab380c5,,false,miss
calibration-20260902-g,S1-50-r01,S1-50,request-008,d4745ce8b0076d85ef4bad6643512dad50425d8f61a49108664596ff785caf3e,20a265fc26ad,2026-09-01T15:49:04.698417838Z,2026-09-01T15:49:17.241291144Z,9209.295355,200,fa5bbaa12602c6803fc911cd560f3cd567585f7b4703499b433ac2343ab380c5,,false,miss
calibration-20260902-g,S1-50-r01,S1-50,request-009,d4745ce8b0076d85ef4bad6643512dad50425d8f61a49108664596ff785caf3e,20a265fc26ad,2026-09-01T15:49:04.698398961Z,2026-09-01T15:49:21.742494583Z,13710.517662,200,fa5bbaa12602c6803fc911cd560f3cd567585f7b4703499b433ac2343ab380c5,,false,miss
calibration-20260902-g,S1-50-r01,S1-50,request-010,d4745ce8b0076d85ef4bad6643512dad50425d8f61a49108664596ff785caf3e,20a265fc26ad,2026-09-01T15:49:04.698382555Z,2026-09-01T15:49:08.496743221Z,3798.360670,200,fa5bbaa12602c6803fc911cd560f3cd567585f7b4703499b433ac2343ab380c5,,false,miss
calibration-20260902-g,S1-50-r01,S1-50,request-011,d4745ce8b0076d85ef4bad6643512dad50425d8f61a49108664596ff785caf3e,20a265fc26ad,2026-09-01T15:49:04.698609051Z,2026-09-01T15:49:20.447154991Z,12414.967982,200,fa5bbaa12602c6803fc911cd560f3cd567585f7b4703499b433ac2343ab380c5,,false,miss
calibration-20260902-g,S1-50-r01,S1-50,request-012,d4745ce8b0076d85ef4bad6643512dad50425d8f61a49108664596ff785caf3e,20a265fc26ad,2026-09-01T15:49:04.698336844Z,2026-09-01T15:49:23.030058125Z,14998.143295,200,fa5bbaa12602c6803fc911cd560f3cd567585f7b4703499b433ac2343ab380c5,,false,miss
calibration-20260902-g,S1-50-r01,S1-50,request-013,d4745ce8b0076d85ef4bad6643512dad50425d8f61a49108664596ff785caf3e,20a265fc26ad,2026-09-01T15:49:04.698320221Z,2026-09-01T15:49:15.442230257Z,7410.332084,200,fa5bbaa12602c6803fc911cd560f3cd567585f7b4703499b433ac2343ab380c5,,false,miss
calibration-20260902-g,S1-50-r01,S1-50,request-014,d4745ce8b0076d85ef4bad6643512dad50425d8f61a49108664596ff785caf3e,20a265fc26ad,2026-09-01T15:49:04.698303563Z,2026-09-01T15:49:14.233189221Z,6201.307709,200,fa5bbaa12602c6803fc911cd560f3cd567585f7b4703499b433ac2343ab380c5,,false,miss
calibration-20260902-g,S1-50-r01,S1-50,request-015,d4745ce8b0076d85ef4bad6643512dad50425d8f61a49108664596ff785caf3e,20a265fc26ad,2026-09-01T15:49:04.698279446Z,2026-09-01T15:49:13.447469411Z,5415.611980,200,fa5bbaa12602c6803fc911cd560f3cd567585f7b4703499b433ac2343ab380c5,,false,miss
calibration-20260902-g,S1-50-r01,S1-50,request-016,d4745ce8b0076d85ef4bad6643512dad50425d8f61a49108664596ff785caf3e,20a265fc26ad,2026-09-01T15:49:04.698365842Z,2026-09-01T15:49:22.931598081Z,14899.654286,200,fa5bbaa12602c6803fc911cd560f3cd567585f7b4703499b433ac2343ab380c5,,false,miss
calibration-20260902-g,S1-50-r01,S1-50,request-017,d4745ce8b0076d85ef4bad6643512dad50425d8f61a49108664596ff785caf3e,20a265fc26ad,2026-09-01T15:49:04.698238877Z,2026-09-01T15:49:08.692126394Z,3993.887521,200,fa5bbaa12602c6803fc911cd560f3cd567585f7b4703499b433ac2343ab380c5,,false,miss
calibration-20260902-g,S1-50-r01,S1-50,request-018,d4745ce8b0076d85ef4bad6643512dad50425d8f61a49108664596ff785caf3e,20a265fc26ad,2026-09-01T15:49:04.698209844Z,2026-09-01T15:49:06.099999946Z,1401.790098,200,fa5bbaa12602c6803fc911cd560f3cd567585f7b4703499b433ac2343ab380c5,,false,miss
calibration-20260902-g,S1-50-r01,S1-50,request-019,d4745ce8b0076d85ef4bad6643512dad50425d8f61a49108664596ff785caf3e,20a265fc26ad,2026-09-01T15:49:04.698259716Z,2026-09-01T15:49:08.598237718Z,3899.978009,200,fa5bbaa12602c6803fc911cd560f3cd567585f7b4703499b433ac2343ab380c5,,false,miss
calibration-20260902-g,S1-50-r01,S1-50,request-020,d4745ce8b0076d85ef4bad6643512dad50425d8f61a49108664596ff785caf3e,20a265fc26ad,2026-09-01T15:49:04.698121858Z,2026-09-01T15:49:06.005957928Z,1307.836072,200,fa5bbaa12602c6803fc911cd560f3cd567585f7b4703499b433ac2343ab380c5,,false,miss
calibration-20260902-g,S1-50-r01,S1-50,request-021,d4745ce8b0076d85ef4bad6643512dad50425d8f61a49108664596ff785caf3e,20a265fc26ad,2026-09-01T15:49:04.698116095Z,2026-09-01T15:49:09.846417209Z,5199.051762,200,fa5bbaa12602c6803fc911cd560f3cd567585f7b4703499b433ac2343ab380c5,,false,miss
calibration-20260902-g,S1-50-r01,S1-50,request-022,d4745ce8b0076d85ef4bad6643512dad50425d8f61a49108664596ff785caf3e,20a265fc26ad,2026-09-01T15:49:04.698080029Z,2026-09-01T15:49:06.095128903Z,1397.048875,200,fa5bbaa12602c6803fc911cd560f3cd567585f7b4703499b433ac2343ab380c5,,false,miss
calibration-20260902-g,S1-50-r01,S1-50,request-023,d4745ce8b0076d85ef4bad6643512dad50425d8f61a49108664596ff785caf3e,20a265fc26ad,2026-09-01T15:49:04.698688906Z,2026-09-01T15:49:20.52716225Z,12494.895391,200,fa5bbaa12602c6803fc911cd560f3cd567585f7b4703499b433ac2343ab380c5,,false,miss
calibration-20260902-g,S1-50-r01,S1-50,request-024,d4745ce8b0076d85ef4bad6643512dad50425d8f61a49108664596ff785caf3e,20a265fc26ad,2026-09-01T15:49:04.698671067Z,2026-09-01T15:49:14.327162677Z,6294.913659,200,fa5bbaa12602c6803fc911cd560f3cd567585f7b4703499b433ac2343ab380c5,,false,miss
calibration-20260902-g,S1-50-r01,S1-50,request-025,d4745ce8b0076d85ef4bad6643512dad50425d8f61a49108664596ff785caf3e,20a265fc26ad,2026-09-01T15:49:04.698666015Z,2026-09-01T15:49:17.932777794Z,9900.533822,200,fa5bbaa12602c6803fc911cd560f3cd567585f7b4703499b433ac2343ab380c5,,false,miss
calibration-20260902-g,S1-50-r01,S1-50,request-026,d4745ce8b0076d85ef4bad6643512dad50425d8f61a49108664596ff785caf3e,20a265fc26ad,2026-09-01T15:49:04.698645974Z,2026-09-01T15:49:16.829136018Z,8796.912093,200,fa5bbaa12602c6803fc911cd560f3cd567585f7b4703499b433ac2343ab380c5,,false,miss
calibration-20260902-g,S1-50-r01,S1-50,request-027,d4745ce8b0076d85ef4bad6643512dad50425d8f61a49108664596ff785caf3e,20a265fc26ad,2026-09-01T15:49:04.698628662Z,2026-09-01T15:49:22.431767025Z,14399.560412,200,fa5bbaa12602c6803fc911cd560f3cd567585f7b4703499b433ac2343ab380c5,,false,miss
calibration-20260902-g,S1-50-r01,S1-50,request-028,d4745ce8b0076d85ef4bad6643512dad50425d8f61a49108664596ff785caf3e,20a265fc26ad,2026-09-01T15:49:04.69861473Z,2026-09-01T15:49:16.928818445Z,8896.625764,200,fa5bbaa12602c6803fc911cd560f3cd567585f7b4703499b433ac2343ab380c5,,false,miss
calibration-20260902-g,S1-50-r01,S1-50,request-029,d4745ce8b0076d85ef4bad6643512dad50425d8f61a49108664596ff785caf3e,20a265fc26ad,2026-09-01T15:49:04.698583636Z,2026-09-01T15:49:19.834486197Z,11802.324609,200,fa5bbaa12602c6803fc911cd560f3cd567585f7b4703499b433ac2343ab380c5,,false,miss
calibration-20260902-g,S1-50-r01,S1-50,request-030,d4745ce8b0076d85ef4bad6643512dad50425d8f61a49108664596ff785caf3e,20a265fc26ad,2026-09-01T15:49:04.69856262Z,2026-09-01T15:49:23.541028489Z,15508.887921,200,fa5bbaa12602c6803fc911cd560f3cd567585f7b4703499b433ac2343ab380c5,,false,miss
calibration-20260902-g,S1-50-r01,S1-50,request-031,d4745ce8b0076d85ef4bad6643512dad50425d8f61a49108664596ff785caf3e,20a265fc26ad,2026-09-01T15:49:04.698535907Z,2026-09-01T15:49:19.232780873Z,11200.667012,200,fa5bbaa12602c6803fc911cd560f3cd567585f7b4703499b433ac2343ab380c5,,false,miss
calibration-20260902-g,S1-50-r01,S1-50,request-032,d4745ce8b0076d85ef4bad6643512dad50425d8f61a49108664596ff785caf3e,20a265fc26ad,2026-09-01T15:49:04.698515983Z,2026-09-01T15:49:21.725402798Z,13693.308868,200,fa5bbaa12602c6803fc911cd560f3cd567585f7b4703499b433ac2343ab380c5,,false,miss
calibration-20260902-g,S1-50-r01,S1-50,request-033,d4745ce8b0076d85ef4bad6643512dad50425d8f61a49108664596ff785caf3e,20a265fc26ad,2026-09-01T15:49:04.698490201Z,2026-09-01T15:49:14.529675058Z,6497.606909,200,fa5bbaa12602c6803fc911cd560f3cd567585f7b4703499b433ac2343ab380c5,,false,miss
calibration-20260902-g,S1-50-r01,S1-50,request-034,d4745ce8b0076d85ef4bad6643512dad50425d8f61a49108664596ff785caf3e,20a265fc26ad,2026-09-01T15:49:04.698464468Z,2026-09-01T15:49:09.703255636Z,5004.791175,200,fa5bbaa12602c6803fc911cd560f3cd567585f7b4703499b433ac2343ab380c5,,false,miss
calibration-20260902-g,S1-50-r01,S1-50,request-035,d4745ce8b0076d85ef4bad6643512dad50425d8f61a49108664596ff785caf3e,20a265fc26ad,2026-09-01T15:49:04.698444061Z,2026-09-01T15:49:18.525499365Z,10493.477354,200,fa5bbaa12602c6803fc911cd560f3cd567585f7b4703499b433ac2343ab380c5,,false,miss
calibration-20260902-g,S1-50-r01,S1-50,request-036,d4745ce8b0076d85ef4bad6643512dad50425d8f61a49108664596ff785caf3e,20a265fc26ad,2026-09-01T15:49:04.698417255Z,2026-09-01T15:49:16.738915702Z,8706.920491,200,fa5bbaa12602c6803fc911cd560f3cd567585f7b4703499b433ac2343ab380c5,,false,miss
calibration-20260902-g,S1-50-r01,S1-50,request-037,d4745ce8b0076d85ef4bad6643512dad50425d8f61a49108664596ff785caf3e,20a265fc26ad,2026-09-01T15:49:04.698397447Z,2026-09-01T15:49:21.229833883Z,13197.858485,200,fa5bbaa12602c6803fc911cd560f3cd567585f7b4703499b433ac2343ab380c5,,false,miss
calibration-20260902-g,S1-50-r01,S1-50,request-038,d4745ce8b0076d85ef4bad6643512dad50425d8f61a49108664596ff785caf3e,20a265fc26ad,2026-09-01T15:49:04.698373988Z,2026-09-01T15:49:19.330032296Z,11298.080353,200,fa5bbaa12602c6803fc911cd560f3cd567585f7b4703499b433ac2343ab380c5,,false,miss
calibration-20260902-g,S1-50-r01,S1-50,request-039,d4745ce8b0076d85ef4bad6643512dad50425d8f61a49108664596ff785caf3e,20a265fc26ad,2026-09-01T15:49:04.698349335Z,2026-09-01T15:49:22.927604064Z,14895.676782,200,fa5bbaa12602c6803fc911cd560f3cd567585f7b4703499b433ac2343ab380c5,,false,miss
calibration-20260902-g,S1-50-r01,S1-50,request-040,d4745ce8b0076d85ef4bad6643512dad50425d8f61a49108664596ff785caf3e,20a265fc26ad,2026-09-01T15:49:04.698327413Z,2026-09-01T15:49:16.025793473Z,7993.888074,200,fa5bbaa12602c6803fc911cd560f3cd567585f7b4703499b433ac2343ab380c5,,false,miss
calibration-20260902-g,S1-50-r01,S1-50,request-041,d4745ce8b0076d85ef4bad6643512dad50425d8f61a49108664596ff785caf3e,20a265fc26ad,2026-09-01T15:49:04.698307676Z,2026-09-01T15:49:15.742726619Z,7710.840992,200,fa5bbaa12602c6803fc911cd560f3cd567585f7b4703499b433ac2343ab380c5,,false,miss
calibration-20260902-g,S1-50-r01,S1-50,request-042,d4745ce8b0076d85ef4bad6643512dad50425d8f61a49108664596ff785caf3e,20a265fc26ad,2026-09-01T15:49:04.698288Z,2026-09-01T15:49:15.528354441Z,7496.488493,200,fa5bbaa12602c6803fc911cd560f3cd567585f7b4703499b433ac2343ab380c5,,false,miss
calibration-20260902-g,S1-50-r01,S1-50,request-043,d4745ce8b0076d85ef4bad6643512dad50425d8f61a49108664596ff785caf3e,20a265fc26ad,2026-09-01T15:49:04.698266177Z,2026-09-01T15:49:09.695223117Z,4996.956947,200,fa5bbaa12602c6803fc911cd560f3cd567585f7b4703499b433ac2343ab380c5,,false,miss
calibration-20260902-g,S1-50-r01,S1-50,request-044,d4745ce8b0076d85ef4bad6643512dad50425d8f61a49108664596ff785caf3e,20a265fc26ad,2026-09-01T15:49:04.698231881Z,2026-09-01T15:49:06.004740135Z,1306.508260,200,fa5bbaa12602c6803fc911cd560f3cd567585f7b4703499b433ac2343ab380c5,,false,miss
calibration-20260902-g,S1-50-r01,S1-50,request-045,d4745ce8b0076d85ef4bad6643512dad50425d8f61a49108664596ff785caf3e,20a265fc26ad,2026-09-01T15:49:04.698208533Z,2026-09-01T15:49:08.80426982Z,4106.061284,200,fa5bbaa12602c6803fc911cd560f3cd567585f7b4703499b433ac2343ab380c5,,false,miss
calibration-20260902-g,S1-50-r01,S1-50,request-046,d4745ce8b0076d85ef4bad6643512dad50425d8f61a49108664596ff785caf3e,20a265fc26ad,2026-09-01T15:49:04.698088864Z,2026-09-01T15:49:07.399453515Z,2701.364651,200,fa5bbaa12602c6803fc911cd560f3cd567585f7b4703499b433ac2343ab380c5,,false,miss
calibration-20260902-g,S1-50-r01,S1-50,request-047,d4745ce8b0076d85ef4bad6643512dad50425d8f61a49108664596ff785caf3e,20a265fc26ad,2026-09-01T15:49:04.698661911Z,2026-09-01T15:49:07.310384963Z,2611.723057,200,fa5bbaa12602c6803fc911cd560f3cd567585f7b4703499b433ac2343ab380c5,,false,miss
calibration-20260902-g,S1-50-r01,S1-50,request-048,d4745ce8b0076d85ef4bad6643512dad50425d8f61a49108664596ff785caf3e,20a265fc26ad,2026-09-01T15:49:04.698642621Z,2026-09-01T15:49:14.743570746Z,6711.350158,200,fa5bbaa12602c6803fc911cd560f3cd567585f7b4703499b433ac2343ab380c5,,false,miss
calibration-20260902-g,S1-50-r01,S1-50,request-049,d4745ce8b0076d85ef4bad6643512dad50425d8f61a49108664596ff785caf3e,20a265fc26ad,2026-09-01T15:49:04.698624202Z,2026-09-01T15:49:20.534984969Z,12502.782813,200,fa5bbaa12602c6803fc911cd560f3cd567585f7b4703499b433ac2343ab380c5,,false,miss
calibration-20260902-g,S1-50-r01,S1-50,request-050,d4745ce8b0076d85ef4bad6643512dad50425d8f61a49108664596ff785caf3e,20a265fc26ad,2026-09-01T15:49:04.698707537Z,2026-09-01T15:49:07.309511204Z,2610.803675,200,fa5bbaa12602c6803fc911cd560f3cd567585f7b4703499b433ac2343ab380c5,,false,miss
calibration-20260902-g,S2-50-r01,S2-50,request-001,d4745ce8b0076d85ef4bad6643512dad50425d8f61a49108664596ff785caf3e,20a265fc26ad,2026-09-01T15:49:24.045953652Z,2026-09-01T15:49:24.368438341Z,322.484688,200,fa5bbaa12602c6803fc911cd560f3cd567585f7b4703499b433ac2343ab380c5,,true,miss
calibration-20260902-g,S2-50-r01,S2-50,request-002,d4745ce8b0076d85ef4bad6643512dad50425d8f61a49108664596ff785caf3e,20a265fc26ad,2026-09-01T15:49:24.04657722Z,2026-09-01T15:49:24.370057976Z,323.480761,200,fa5bbaa12602c6803fc911cd560f3cd567585f7b4703499b433ac2343ab380c5,,true,miss
calibration-20260902-g,S2-50-r01,S2-50,request-003,d4745ce8b0076d85ef4bad6643512dad50425d8f61a49108664596ff785caf3e,20a265fc26ad,2026-09-01T15:49:24.04656161Z,2026-09-01T15:49:24.368894399Z,322.332793,200,fa5bbaa12602c6803fc911cd560f3cd567585f7b4703499b433ac2343ab380c5,,true,miss
calibration-20260902-g,S2-50-r01,S2-50,request-004,d4745ce8b0076d85ef4bad6643512dad50425d8f61a49108664596ff785caf3e,20a265fc26ad,2026-09-01T15:49:24.046546249Z,2026-09-01T15:49:24.36866392Z,322.117674,200,fa5bbaa12602c6803fc911cd560f3cd567585f7b4703499b433ac2343ab380c5,,true,miss
calibration-20260902-g,S2-50-r01,S2-50,request-005,d4745ce8b0076d85ef4bad6643512dad50425d8f61a49108664596ff785caf3e,20a265fc26ad,2026-09-01T15:49:24.046531873Z,2026-09-01T15:49:24.369864162Z,323.332295,200,fa5bbaa12602c6803fc911cd560f3cd567585f7b4703499b433ac2343ab380c5,,true,miss
calibration-20260902-g,S2-50-r01,S2-50,request-006,d4745ce8b0076d85ef4bad6643512dad50425d8f61a49108664596ff785caf3e,20a265fc26ad,2026-09-01T15:49:24.046513809Z,2026-09-01T15:49:24.368840461Z,322.326655,200,fa5bbaa12602c6803fc911cd560f3cd567585f7b4703499b433ac2343ab380c5,,true,miss
calibration-20260902-g,S2-50-r01,S2-50,request-007,d4745ce8b0076d85ef4bad6643512dad50425d8f61a49108664596ff785caf3e,20a265fc26ad,2026-09-01T15:49:24.046494328Z,2026-09-01T15:49:24.370629057Z,324.134734,200,fa5bbaa12602c6803fc911cd560f3cd567585f7b4703499b433ac2343ab380c5,,true,miss
calibration-20260902-g,S2-50-r01,S2-50,request-008,d4745ce8b0076d85ef4bad6643512dad50425d8f61a49108664596ff785caf3e,20a265fc26ad,2026-09-01T15:49:24.046477792Z,2026-09-01T15:49:24.369905266Z,323.427479,200,fa5bbaa12602c6803fc911cd560f3cd567585f7b4703499b433ac2343ab380c5,,true,miss
calibration-20260902-g,S2-50-r01,S2-50,request-009,d4745ce8b0076d85ef4bad6643512dad50425d8f61a49108664596ff785caf3e,20a265fc26ad,2026-09-01T15:49:24.046450964Z,2026-09-01T15:49:24.368544018Z,322.093050,200,fa5bbaa12602c6803fc911cd560f3cd567585f7b4703499b433ac2343ab380c5,,true,miss
calibration-20260902-g,S2-50-r01,S2-50,request-010,d4745ce8b0076d85ef4bad6643512dad50425d8f61a49108664596ff785caf3e,20a265fc26ad,2026-09-01T15:49:24.046407717Z,2026-09-01T15:49:24.369918673Z,323.510962,200,fa5bbaa12602c6803fc911cd560f3cd567585f7b4703499b433ac2343ab380c5,,true,miss
calibration-20260902-g,S2-50-r01,S2-50,request-011,d4745ce8b0076d85ef4bad6643512dad50425d8f61a49108664596ff785caf3e,20a265fc26ad,2026-09-01T15:49:24.046391199Z,2026-09-01T15:49:24.370535248Z,324.144056,200,fa5bbaa12602c6803fc911cd560f3cd567585f7b4703499b433ac2343ab380c5,,true,miss
calibration-20260902-g,S2-50-r01,S2-50,request-012,d4745ce8b0076d85ef4bad6643512dad50425d8f61a49108664596ff785caf3e,20a265fc26ad,2026-09-01T15:49:24.046375011Z,2026-09-01T15:49:24.368965652Z,322.590639,200,fa5bbaa12602c6803fc911cd560f3cd567585f7b4703499b433ac2343ab380c5,,true,miss
calibration-20260902-g,S2-50-r01,S2-50,request-013,d4745ce8b0076d85ef4bad6643512dad50425d8f61a49108664596ff785caf3e,20a265fc26ad,2026-09-01T15:49:24.046340227Z,2026-09-01T15:49:24.368532902Z,322.192675,200,fa5bbaa12602c6803fc911cd560f3cd567585f7b4703499b433ac2343ab380c5,,true,miss
calibration-20260902-g,S2-50-r01,S2-50,request-014,d4745ce8b0076d85ef4bad6643512dad50425d8f61a49108664596ff785caf3e,20a265fc26ad,2026-09-01T15:49:24.046324681Z,2026-09-01T15:49:24.370918923Z,324.594237,200,fa5bbaa12602c6803fc911cd560f3cd567585f7b4703499b433ac2343ab380c5,,true,miss
calibration-20260902-g,S2-50-r01,S2-50,request-015,d4745ce8b0076d85ef4bad6643512dad50425d8f61a49108664596ff785caf3e,20a265fc26ad,2026-09-01T15:49:24.046306704Z,2026-09-01T15:49:24.369961713Z,323.655010,200,fa5bbaa12602c6803fc911cd560f3cd567585f7b4703499b433ac2343ab380c5,,true,miss
calibration-20260902-g,S2-50-r01,S2-50,request-016,d4745ce8b0076d85ef4bad6643512dad50425d8f61a49108664596ff785caf3e,20a265fc26ad,2026-09-01T15:49:24.04627943Z,2026-09-01T15:49:24.368842776Z,322.563351,200,fa5bbaa12602c6803fc911cd560f3cd567585f7b4703499b433ac2343ab380c5,,true,miss
calibration-20260902-g,S2-50-r01,S2-50,request-017,d4745ce8b0076d85ef4bad6643512dad50425d8f61a49108664596ff785caf3e,20a265fc26ad,2026-09-01T15:49:24.046251813Z,2026-09-01T15:49:24.369968256Z,323.716446,200,fa5bbaa12602c6803fc911cd560f3cd567585f7b4703499b433ac2343ab380c5,,true,miss
calibration-20260902-g,S2-50-r01,S2-50,request-018,d4745ce8b0076d85ef4bad6643512dad50425d8f61a49108664596ff785caf3e,20a265fc26ad,2026-09-01T15:49:24.046226956Z,2026-09-01T15:49:24.370248866Z,324.021910,200,fa5bbaa12602c6803fc911cd560f3cd567585f7b4703499b433ac2343ab380c5,,true,miss
calibration-20260902-g,S2-50-r01,S2-50,request-019,d4745ce8b0076d85ef4bad6643512dad50425d8f61a49108664596ff785caf3e,20a265fc26ad,2026-09-01T15:49:24.046206071Z,2026-09-01T15:49:24.370704634Z,324.498569,200,fa5bbaa12602c6803fc911cd560f3cd567585f7b4703499b433ac2343ab380c5,,true,miss
calibration-20260902-g,S2-50-r01,S2-50,request-020,d4745ce8b0076d85ef4bad6643512dad50425d8f61a49108664596ff785caf3e,20a265fc26ad,2026-09-01T15:49:24.046188883Z,2026-09-01T15:49:24.368943249Z,322.754365,200,fa5bbaa12602c6803fc911cd560f3cd567585f7b4703499b433ac2343ab380c5,,true,miss
calibration-20260902-g,S2-50-r01,S2-50,request-021,d4745ce8b0076d85ef4bad6643512dad50425d8f61a49108664596ff785caf3e,20a265fc26ad,2026-09-01T15:49:24.046163163Z,2026-09-01T15:49:24.368686415Z,322.523251,200,fa5bbaa12602c6803fc911cd560f3cd567585f7b4703499b433ac2343ab380c5,,true,miss
calibration-20260902-g,S2-50-r01,S2-50,request-022,d4745ce8b0076d85ef4bad6643512dad50425d8f61a49108664596ff785caf3e,20a265fc26ad,2026-09-01T15:49:24.046143436Z,2026-09-01T15:49:24.368387252Z,322.243812,200,fa5bbaa12602c6803fc911cd560f3cd567585f7b4703499b433ac2343ab380c5,,true,miss
calibration-20260902-g,S2-50-r01,S2-50,request-023,d4745ce8b0076d85ef4bad6643512dad50425d8f61a49108664596ff785caf3e,20a265fc26ad,2026-09-01T15:49:24.046101037Z,2026-09-01T15:49:24.37018997Z,324.088939,200,fa5bbaa12602c6803fc911cd560f3cd567585f7b4703499b433ac2343ab380c5,,true,miss
calibration-20260902-g,S2-50-r01,S2-50,request-024,d4745ce8b0076d85ef4bad6643512dad50425d8f61a49108664596ff785caf3e,20a265fc26ad,2026-09-01T15:49:24.046077729Z,2026-09-01T15:49:24.368301494Z,322.223769,200,fa5bbaa12602c6803fc911cd560f3cd567585f7b4703499b433ac2343ab380c5,,false,miss
calibration-20260902-g,S2-50-r01,S2-50,request-025,d4745ce8b0076d85ef4bad6643512dad50425d8f61a49108664596ff785caf3e,20a265fc26ad,2026-09-01T15:49:24.045963752Z,2026-09-01T15:49:24.368418124Z,322.454373,200,fa5bbaa12602c6803fc911cd560f3cd567585f7b4703499b433ac2343ab380c5,,true,miss
calibration-20260902-g,S2-50-r01,S2-50,request-026,d4745ce8b0076d85ef4bad6643512dad50425d8f61a49108664596ff785caf3e,20a265fc26ad,2026-09-01T15:49:24.046589829Z,2026-09-01T15:49:24.370754384Z,324.164556,200,fa5bbaa12602c6803fc911cd560f3cd567585f7b4703499b433ac2343ab380c5,,true,miss
calibration-20260902-g,S2-50-r01,S2-50,request-027,d4745ce8b0076d85ef4bad6643512dad50425d8f61a49108664596ff785caf3e,20a265fc26ad,2026-09-01T15:49:24.046570881Z,2026-09-01T15:49:24.37084585Z,324.274967,200,fa5bbaa12602c6803fc911cd560f3cd567585f7b4703499b433ac2343ab380c5,,true,miss
calibration-20260902-g,S2-50-r01,S2-50,request-028,d4745ce8b0076d85ef4bad6643512dad50425d8f61a49108664596ff785caf3e,20a265fc26ad,2026-09-01T15:49:24.046551554Z,2026-09-01T15:49:24.368791755Z,322.240205,200,fa5bbaa12602c6803fc911cd560f3cd567585f7b4703499b433ac2343ab380c5,,true,miss
calibration-20260902-g,S2-50-r01,S2-50,request-029,d4745ce8b0076d85ef4bad6643512dad50425d8f61a49108664596ff785caf3e,20a265fc26ad,2026-09-01T15:49:24.046534406Z,2026-09-01T15:49:24.368470218Z,321.935815,200,fa5bbaa12602c6803fc911cd560f3cd567585f7b4703499b433ac2343ab380c5,,true,miss
calibration-20260902-g,S2-50-r01,S2-50,request-030,d4745ce8b0076d85ef4bad6643512dad50425d8f61a49108664596ff785caf3e,20a265fc26ad,2026-09-01T15:49:24.046519408Z,2026-09-01T15:49:24.369267008Z,322.747606,200,fa5bbaa12602c6803fc911cd560f3cd567585f7b4703499b433ac2343ab380c5,,true,miss
calibration-20260902-g,S2-50-r01,S2-50,request-031,d4745ce8b0076d85ef4bad6643512dad50425d8f61a49108664596ff785caf3e,20a265fc26ad,2026-09-01T15:49:24.046503791Z,2026-09-01T15:49:24.368637501Z,322.133710,200,fa5bbaa12602c6803fc911cd560f3cd567585f7b4703499b433ac2343ab380c5,,true,miss
calibration-20260902-g,S2-50-r01,S2-50,request-032,d4745ce8b0076d85ef4bad6643512dad50425d8f61a49108664596ff785caf3e,20a265fc26ad,2026-09-01T15:49:24.046483514Z,2026-09-01T15:49:24.369845389Z,323.361881,200,fa5bbaa12602c6803fc911cd560f3cd567585f7b4703499b433ac2343ab380c5,,true,miss
calibration-20260902-g,S2-50-r01,S2-50,request-033,d4745ce8b0076d85ef4bad6643512dad50425d8f61a49108664596ff785caf3e,20a265fc26ad,2026-09-01T15:49:24.046455646Z,2026-09-01T15:49:24.369016559Z,322.560917,200,fa5bbaa12602c6803fc911cd560f3cd567585f7b4703499b433ac2343ab380c5,,true,miss
calibration-20260902-g,S2-50-r01,S2-50,request-034,d4745ce8b0076d85ef4bad6643512dad50425d8f61a49108664596ff785caf3e,20a265fc26ad,2026-09-01T15:49:24.046431795Z,2026-09-01T15:49:24.370143038Z,323.711249,200,fa5bbaa12602c6803fc911cd560f3cd567585f7b4703499b433ac2343ab380c5,,true,miss
calibration-20260902-g,S2-50-r01,S2-50,request-035,d4745ce8b0076d85ef4bad6643512dad50425d8f61a49108664596ff785caf3e,20a265fc26ad,2026-09-01T15:49:24.046402958Z,2026-09-01T15:49:24.369817744Z,323.414791,200,fa5bbaa12602c6803fc911cd560f3cd567585f7b4703499b433ac2343ab380c5,,true,miss
calibration-20260902-g,S2-50-r01,S2-50,request-036,d4745ce8b0076d85ef4bad6643512dad50425d8f61a49108664596ff785caf3e,20a265fc26ad,2026-09-01T15:49:24.046384054Z,2026-09-01T15:49:24.370924556Z,324.540502,200,fa5bbaa12602c6803fc911cd560f3cd567585f7b4703499b433ac2343ab380c5,,true,miss
calibration-20260902-g,S2-50-r01,S2-50,request-037,d4745ce8b0076d85ef4bad6643512dad50425d8f61a49108664596ff785caf3e,20a265fc26ad,2026-09-01T15:49:24.046359114Z,2026-09-01T15:49:24.368737608Z,322.378494,200,fa5bbaa12602c6803fc911cd560f3cd567585f7b4703499b433ac2343ab380c5,,true,miss
calibration-20260902-g,S2-50-r01,S2-50,request-038,d4745ce8b0076d85ef4bad6643512dad50425d8f61a49108664596ff785caf3e,20a265fc26ad,2026-09-01T15:49:24.046333796Z,2026-09-01T15:49:24.367848302Z,321.514515,200,fa5bbaa12602c6803fc911cd560f3cd567585f7b4703499b433ac2343ab380c5,,true,miss
calibration-20260902-g,S2-50-r01,S2-50,request-039,d4745ce8b0076d85ef4bad6643512dad50425d8f61a49108664596ff785caf3e,20a265fc26ad,2026-09-01T15:49:24.046315237Z,2026-09-01T15:49:24.370324053Z,324.008820,200,fa5bbaa12602c6803fc911cd560f3cd567585f7b4703499b433ac2343ab380c5,,true,miss
calibration-20260902-g,S2-50-r01,S2-50,request-040,d4745ce8b0076d85ef4bad6643512dad50425d8f61a49108664596ff785caf3e,20a265fc26ad,2026-09-01T15:49:24.04629506Z,2026-09-01T15:49:24.369258105Z,322.963050,200,fa5bbaa12602c6803fc911cd560f3cd567585f7b4703499b433ac2343ab380c5,,true,miss
calibration-20260902-g,S2-50-r01,S2-50,request-041,d4745ce8b0076d85ef4bad6643512dad50425d8f61a49108664596ff785caf3e,20a265fc26ad,2026-09-01T15:49:24.046276227Z,2026-09-01T15:49:24.368485828Z,322.209603,200,fa5bbaa12602c6803fc911cd560f3cd567585f7b4703499b433ac2343ab380c5,,true,miss
calibration-20260902-g,S2-50-r01,S2-50,request-042,d4745ce8b0076d85ef4bad6643512dad50425d8f61a49108664596ff785caf3e,20a265fc26ad,2026-09-01T15:49:24.046251312Z,2026-09-01T15:49:24.369760908Z,323.509602,200,fa5bbaa12602c6803fc911cd560f3cd567585f7b4703499b433ac2343ab380c5,,true,miss
calibration-20260902-g,S2-50-r01,S2-50,request-043,d4745ce8b0076d85ef4bad6643512dad50425d8f61a49108664596ff785caf3e,20a265fc26ad,2026-09-01T15:49:24.046230426Z,2026-09-01T15:49:24.36903261Z,322.802186,200,fa5bbaa12602c6803fc911cd560f3cd567585f7b4703499b433ac2343ab380c5,,true,miss
calibration-20260902-g,S2-50-r01,S2-50,request-044,d4745ce8b0076d85ef4bad6643512dad50425d8f61a49108664596ff785caf3e,20a265fc26ad,2026-09-01T15:49:24.04620136Z,2026-09-01T15:49:24.368901896Z,322.700542,200,fa5bbaa12602c6803fc911cd560f3cd567585f7b4703499b433ac2343ab380c5,,true,miss
calibration-20260902-g,S2-50-r01,S2-50,request-045,d4745ce8b0076d85ef4bad6643512dad50425d8f61a49108664596ff785caf3e,20a265fc26ad,2026-09-01T15:49:24.046179983Z,2026-09-01T15:49:24.368790699Z,322.610713,200,fa5bbaa12602c6803fc911cd560f3cd567585f7b4703499b433ac2343ab380c5,,true,miss
calibration-20260902-g,S2-50-r01,S2-50,request-046,d4745ce8b0076d85ef4bad6643512dad50425d8f61a49108664596ff785caf3e,20a265fc26ad,2026-09-01T15:49:24.046145466Z,2026-09-01T15:49:24.368585515Z,322.440055,200,fa5bbaa12602c6803fc911cd560f3cd567585f7b4703499b433ac2343ab380c5,,true,miss
calibration-20260902-g,S2-50-r01,S2-50,request-047,d4745ce8b0076d85ef4bad6643512dad50425d8f61a49108664596ff785caf3e,20a265fc26ad,2026-09-01T15:49:24.046104987Z,2026-09-01T15:49:24.370807403Z,324.702416,200,fa5bbaa12602c6803fc911cd560f3cd567585f7b4703499b433ac2343ab380c5,,true,miss
calibration-20260902-g,S2-50-r01,S2-50,request-048,d4745ce8b0076d85ef4bad6643512dad50425d8f61a49108664596ff785caf3e,20a265fc26ad,2026-09-01T15:49:24.046078224Z,2026-09-01T15:49:24.368602133Z,322.523916,200,fa5bbaa12602c6803fc911cd560f3cd567585f7b4703499b433ac2343ab380c5,,true,miss
calibration-20260902-g,S2-50-r01,S2-50,request-049,d4745ce8b0076d85ef4bad6643512dad50425d8f61a49108664596ff785caf3e,20a265fc26ad,2026-09-01T15:49:24.045997004Z,2026-09-01T15:49:24.368732289Z,322.735290,200,fa5bbaa12602c6803fc911cd560f3cd567585f7b4703499b433ac2343ab380c5,,true,miss
calibration-20260902-g,S2-50-r01,S2-50,request-050,d4745ce8b0076d85ef4bad6643512dad50425d8f61a49108664596ff785caf3e,20a265fc26ad,2026-09-01T15:49:24.046593958Z,2026-09-01T15:49:24.370550297Z,323.956339,200,fa5bbaa12602c6803fc911cd560f3cd567585f7b4703499b433ac2343ab380c5,,true,miss
calibration-20260902-g,S2-100-r01,S2-100,request-001,d4745ce8b0076d85ef4bad6643512dad50425d8f61a49108664596ff785caf3e,20a265fc26ad,2026-09-01T15:49:24.630912641Z,2026-09-01T15:49:24.956575314Z,325.662680,200,fa5bbaa12602c6803fc911cd560f3cd567585f7b4703499b433ac2343ab380c5,,true,miss
calibration-20260902-g,S2-100-r01,S2-100,request-002,d4745ce8b0076d85ef4bad6643512dad50425d8f61a49108664596ff785caf3e,20a265fc26ad,2026-09-01T15:49:24.630878715Z,2026-09-01T15:49:24.958284784Z,327.406070,200,fa5bbaa12602c6803fc911cd560f3cd567585f7b4703499b433ac2343ab380c5,,true,miss
calibration-20260902-g,S2-100-r01,S2-100,request-003,d4745ce8b0076d85ef4bad6643512dad50425d8f61a49108664596ff785caf3e,20a265fc26ad,2026-09-01T15:49:24.630840221Z,2026-09-01T15:49:24.955689868Z,324.849655,200,fa5bbaa12602c6803fc911cd560f3cd567585f7b4703499b433ac2343ab380c5,,true,miss
calibration-20260902-g,S2-100-r01,S2-100,request-004,d4745ce8b0076d85ef4bad6643512dad50425d8f61a49108664596ff785caf3e,20a265fc26ad,2026-09-01T15:49:24.630738625Z,2026-09-01T15:49:24.953966242Z,323.227619,200,fa5bbaa12602c6803fc911cd560f3cd567585f7b4703499b433ac2343ab380c5,,true,miss
calibration-20260902-g,S2-100-r01,S2-100,request-005,d4745ce8b0076d85ef4bad6643512dad50425d8f61a49108664596ff785caf3e,20a265fc26ad,2026-09-01T15:49:24.630833102Z,2026-09-01T15:49:24.958157516Z,327.324423,200,fa5bbaa12602c6803fc911cd560f3cd567585f7b4703499b433ac2343ab380c5,,true,miss
calibration-20260902-g,S2-100-r01,S2-100,request-006,d4745ce8b0076d85ef4bad6643512dad50425d8f61a49108664596ff785caf3e,20a265fc26ad,2026-09-01T15:49:24.630817011Z,2026-09-01T15:49:24.955303083Z,324.486073,200,fa5bbaa12602c6803fc911cd560f3cd567585f7b4703499b433ac2343ab380c5,,true,miss
calibration-20260902-g,S2-100-r01,S2-100,request-007,d4745ce8b0076d85ef4bad6643512dad50425d8f61a49108664596ff785caf3e,20a265fc26ad,2026-09-01T15:49:24.630753905Z,2026-09-01T15:49:24.954123969Z,323.370063,200,fa5bbaa12602c6803fc911cd560f3cd567585f7b4703499b433ac2343ab380c5,,true,miss
calibration-20260902-g,S2-100-r01,S2-100,request-008,d4745ce8b0076d85ef4bad6643512dad50425d8f61a49108664596ff785caf3e,20a265fc26ad,2026-09-01T15:49:24.630737524Z,2026-09-01T15:49:24.953817942Z,323.080418,200,fa5bbaa12602c6803fc911cd560f3cd567585f7b4703499b433ac2343ab380c5,,true,miss
calibration-20260902-g,S2-100-r01,S2-100,request-009,d4745ce8b0076d85ef4bad6643512dad50425d8f61a49108664596ff785caf3e,20a265fc26ad,2026-09-01T15:49:24.630470649Z,2026-09-01T15:49:24.957315292Z,326.844648,200,fa5bbaa12602c6803fc911cd560f3cd567585f7b4703499b433ac2343ab380c5,,true,miss
calibration-20260902-g,S2-100-r01,S2-100,request-010,d4745ce8b0076d85ef4bad6643512dad50425d8f61a49108664596ff785caf3e,20a265fc26ad,2026-09-01T15:49:24.6304131Z,2026-09-01T15:49:24.954338281Z,323.925176,200,fa5bbaa12602c6803fc911cd560f3cd567585f7b4703499b433ac2343ab380c5,,true,miss
calibration-20260902-g,S2-100-r01,S2-100,request-011,d4745ce8b0076d85ef4bad6643512dad50425d8f61a49108664596ff785caf3e,20a265fc26ad,2026-09-01T15:49:24.592913021Z,2026-09-01T15:49:24.958217719Z,365.304698,200,fa5bbaa12602c6803fc911cd560f3cd567585f7b4703499b433ac2343ab380c5,,true,miss
calibration-20260902-g,S2-100-r01,S2-100,request-012,d4745ce8b0076d85ef4bad6643512dad50425d8f61a49108664596ff785caf3e,20a265fc26ad,2026-09-01T15:49:24.592890444Z,2026-09-01T15:49:24.954008494Z,361.118056,200,fa5bbaa12602c6803fc911cd560f3cd567585f7b4703499b433ac2343ab380c5,,true,miss
calibration-20260902-g,S2-100-r01,S2-100,request-013,d4745ce8b0076d85ef4bad6643512dad50425d8f61a49108664596ff785caf3e,20a265fc26ad,2026-09-01T15:49:24.59286621Z,2026-09-01T15:49:24.953737331Z,360.871123,200,fa5bbaa12602c6803fc911cd560f3cd567585f7b4703499b433ac2343ab380c5,,true,miss
calibration-20260902-g,S2-100-r01,S2-100,request-014,d4745ce8b0076d85ef4bad6643512dad50425d8f61a49108664596ff785caf3e,20a265fc26ad,2026-09-01T15:49:24.592099237Z,2026-09-01T15:49:24.955223225Z,363.123990,200,fa5bbaa12602c6803fc911cd560f3cd567585f7b4703499b433ac2343ab380c5,,true,miss
calibration-20260902-g,S2-100-r01,S2-100,request-015,d4745ce8b0076d85ef4bad6643512dad50425d8f61a49108664596ff785caf3e,20a265fc26ad,2026-09-01T15:49:24.630856208Z,2026-09-01T15:49:24.955843615Z,324.987412,200,fa5bbaa12602c6803fc911cd560f3cd567585f7b4703499b433ac2343ab380c5,,true,miss
calibration-20260902-g,S2-100-r01,S2-100,request-016,d4745ce8b0076d85ef4bad6643512dad50425d8f61a49108664596ff785caf3e,20a265fc26ad,2026-09-01T15:49:24.630819243Z,2026-09-01T15:49:24.955428347Z,324.609104,200,fa5bbaa12602c6803fc911cd560f3cd567585f7b4703499b433ac2343ab380c5,,true,miss
calibration-20260902-g,S2-100-r01,S2-100,request-017,d4745ce8b0076d85ef4bad6643512dad50425d8f61a49108664596ff785caf3e,20a265fc26ad,2026-09-01T15:49:24.630782202Z,2026-09-01T15:49:24.954466665Z,323.684468,200,fa5bbaa12602c6803fc911cd560f3cd567585f7b4703499b433ac2343ab380c5,,true,miss
calibration-20260902-g,S2-100-r01,S2-100,request-018,d4745ce8b0076d85ef4bad6643512dad50425d8f61a49108664596ff785caf3e,20a265fc26ad,2026-09-01T15:49:24.630706057Z,2026-09-01T15:49:24.95704268Z,326.336628,200,fa5bbaa12602c6803fc911cd560f3cd567585f7b4703499b433ac2343ab380c5,,true,miss
calibration-20260902-g,S2-100-r01,S2-100,request-019,d4745ce8b0076d85ef4bad6643512dad50425d8f61a49108664596ff785caf3e,20a265fc26ad,2026-09-01T15:49:24.630677785Z,2026-09-01T15:49:24.958220062Z,327.542277,200,fa5bbaa12602c6803fc911cd560f3cd567585f7b4703499b433ac2343ab380c5,,true,miss
calibration-20260902-g,S2-100-r01,S2-100,request-020,d4745ce8b0076d85ef4bad6643512dad50425d8f61a49108664596ff785caf3e,20a265fc26ad,2026-09-01T15:49:24.630654579Z,2026-09-01T15:49:24.956960889Z,326.306314,200,fa5bbaa12602c6803fc911cd560f3cd567585f7b4703499b433ac2343ab380c5,,true,miss
calibration-20260902-g,S2-100-r01,S2-100,request-021,d4745ce8b0076d85ef4bad6643512dad50425d8f61a49108664596ff785caf3e,20a265fc26ad,2026-09-01T15:49:24.630633876Z,2026-09-01T15:49:24.956868153Z,326.234289,200,fa5bbaa12602c6803fc911cd560f3cd567585f7b4703499b433ac2343ab380c5,,true,miss
calibration-20260902-g,S2-100-r01,S2-100,request-022,d4745ce8b0076d85ef4bad6643512dad50425d8f61a49108664596ff785caf3e,20a265fc26ad,2026-09-01T15:49:24.630615695Z,2026-09-01T15:49:24.956666802Z,326.051107,200,fa5bbaa12602c6803fc911cd560f3cd567585f7b4703499b433ac2343ab380c5,,true,miss
calibration-20260902-g,S2-100-r01,S2-100,request-023,d4745ce8b0076d85ef4bad6643512dad50425d8f61a49108664596ff785caf3e,20a265fc26ad,2026-09-01T15:49:24.630566339Z,2026-09-01T15:49:24.956134655Z,325.568310,200,fa5bbaa12602c6803fc911cd560f3cd567585f7b4703499b433ac2343ab380c5,,true,miss
calibration-20260902-g,S2-100-r01,S2-100,request-024,d4745ce8b0076d85ef4bad6643512dad50425d8f61a49108664596ff785caf3e,20a265fc26ad,2026-09-01T15:49:24.630560964Z,2026-09-01T15:49:24.955858853Z,325.297893,200,fa5bbaa12602c6803fc911cd560f3cd567585f7b4703499b433ac2343ab380c5,,true,miss
calibration-20260902-g,S2-100-r01,S2-100,request-025,d4745ce8b0076d85ef4bad6643512dad50425d8f61a49108664596ff785caf3e,20a265fc26ad,2026-09-01T15:49:24.630543765Z,2026-09-01T15:49:24.95566705Z,325.123285,200,fa5bbaa12602c6803fc911cd560f3cd567585f7b4703499b433ac2343ab380c5,,true,miss
calibration-20260902-g,S2-100-r01,S2-100,request-026,d4745ce8b0076d85ef4bad6643512dad50425d8f61a49108664596ff785caf3e,20a265fc26ad,2026-09-01T15:49:24.630521513Z,2026-09-01T15:49:24.958045081Z,327.523574,200,fa5bbaa12602c6803fc911cd560f3cd567585f7b4703499b433ac2343ab380c5,,true,miss
calibration-20260902-g,S2-100-r01,S2-100,request-027,d4745ce8b0076d85ef4bad6643512dad50425d8f61a49108664596ff785caf3e,20a265fc26ad,2026-09-01T15:49:24.630498009Z,2026-09-01T15:49:24.958188293Z,327.690289,200,fa5bbaa12602c6803fc911cd560f3cd567585f7b4703499b433ac2343ab380c5,,true,miss
calibration-20260902-g,S2-100-r01,S2-100,request-028,d4745ce8b0076d85ef4bad6643512dad50425d8f61a49108664596ff785caf3e,20a265fc26ad,2026-09-01T15:49:24.630471746Z,2026-09-01T15:49:24.955581335Z,325.109591,200,fa5bbaa12602c6803fc911cd560f3cd567585f7b4703499b433ac2343ab380c5,,true,miss
calibration-20260902-g,S2-100-r01,S2-100,request-029,d4745ce8b0076d85ef4bad6643512dad50425d8f61a49108664596ff785caf3e,20a265fc26ad,2026-09-01T15:49:24.63044562Z,2026-09-01T15:49:24.95489709Z,324.451473,200,fa5bbaa12602c6803fc911cd560f3cd567585f7b4703499b433ac2343ab380c5,,true,miss
calibration-20260902-g,S2-100-r01,S2-100,request-030,d4745ce8b0076d85ef4bad6643512dad50425d8f61a49108664596ff785caf3e,20a265fc26ad,2026-09-01T15:49:24.630334447Z,2026-09-01T15:49:24.954160748Z,323.826311,200,fa5bbaa12602c6803fc911cd560f3cd567585f7b4703499b433ac2343ab380c5,,true,miss
calibration-20260902-g,S2-100-r01,S2-100,request-031,d4745ce8b0076d85ef4bad6643512dad50425d8f61a49108664596ff785caf3e,20a265fc26ad,2026-09-01T15:49:24.592901702Z,2026-09-01T15:49:24.957849396Z,364.947693,200,fa5bbaa12602c6803fc911cd560f3cd567585f7b4703499b433ac2343ab380c5,,true,miss
calibration-20260902-g,S2-100-r01,S2-100,request-032,d4745ce8b0076d85ef4bad6643512dad50425d8f61a49108664596ff785caf3e,20a265fc26ad,2026-09-01T15:49:24.59288315Z,2026-09-01T15:49:24.95385888Z,360.975740,200,fa5bbaa12602c6803fc911cd560f3cd567585f7b4703499b433ac2343ab380c5,,true,miss
calibration-20260902-g,S2-100-r01,S2-100,request-033,d4745ce8b0076d85ef4bad6643512dad50425d8f61a49108664596ff785caf3e,20a265fc26ad,2026-09-01T15:49:24.592865128Z,2026-09-01T15:49:24.953609061Z,360.743939,200,fa5bbaa12602c6803fc911cd560f3cd567585f7b4703499b433ac2343ab380c5,,true,miss
calibration-20260902-g,S2-100-r01,S2-100,request-034,d4745ce8b0076d85ef4bad6643512dad50425d8f61a49108664596ff785caf3e,20a265fc26ad,2026-09-01T15:49:24.592828288Z,2026-09-01T15:49:24.953626301Z,360.797984,200,fa5bbaa12602c6803fc911cd560f3cd567585f7b4703499b433ac2343ab380c5,,true,miss
calibration-20260902-g,S2-100-r01,S2-100,request-035,d4745ce8b0076d85ef4bad6643512dad50425d8f61a49108664596ff785caf3e,20a265fc26ad,2026-09-01T15:49:24.592808092Z,2026-09-01T15:49:24.957957649Z,365.149555,200,fa5bbaa12602c6803fc911cd560f3cd567585f7b4703499b433ac2343ab380c5,,true,miss
calibration-20260902-g,S2-100-r01,S2-100,request-036,d4745ce8b0076d85ef4bad6643512dad50425d8f61a49108664596ff785caf3e,20a265fc26ad,2026-09-01T15:49:24.592782595Z,2026-09-01T15:49:24.957767979Z,364.985384,200,fa5bbaa12602c6803fc911cd560f3cd567585f7b4703499b433ac2343ab380c5,,true,miss
calibration-20260902-g,S2-100-r01,S2-100,request-037,d4745ce8b0076d85ef4bad6643512dad50425d8f61a49108664596ff785caf3e,20a265fc26ad,2026-09-01T15:49:24.592762648Z,2026-09-01T15:49:24.956927759Z,364.165115,200,fa5bbaa12602c6803fc911cd560f3cd567585f7b4703499b433ac2343ab380c5,,true,miss
calibration-20260902-g,S2-100-r01,S2-100,request-038,d4745ce8b0076d85ef4bad6643512dad50425d8f61a49108664596ff785caf3e,20a265fc26ad,2026-09-01T15:49:24.592746561Z,2026-09-01T15:49:24.956738947Z,363.992392,200,fa5bbaa12602c6803fc911cd560f3cd567585f7b4703499b433ac2343ab380c5,,true,miss
calibration-20260902-g,S2-100-r01,S2-100,request-039,d4745ce8b0076d85ef4bad6643512dad50425d8f61a49108664596ff785caf3e,20a265fc26ad,2026-09-01T15:49:24.592729119Z,2026-09-01T15:49:24.958096909Z,365.367794,200,fa5bbaa12602c6803fc911cd560f3cd567585f7b4703499b433ac2343ab380c5,,true,miss
calibration-20260902-g,S2-100-r01,S2-100,request-040,d4745ce8b0076d85ef4bad6643512dad50425d8f61a49108664596ff785caf3e,20a265fc26ad,2026-09-01T15:49:24.592711764Z,2026-09-01T15:49:24.956002313Z,363.290553,200,fa5bbaa12602c6803fc911cd560f3cd567585f7b4703499b433ac2343ab380c5,,true,miss
calibration-20260902-g,S2-100-r01,S2-100,request-041,d4745ce8b0076d85ef4bad6643512dad50425d8f61a49108664596ff785caf3e,20a265fc26ad,2026-09-01T15:49:24.592694293Z,2026-09-01T15:49:24.955640717Z,362.946425,200,fa5bbaa12602c6803fc911cd560f3cd567585f7b4703499b433ac2343ab380c5,,true,miss
calibration-20260902-g,S2-100-r01,S2-100,request-042,d4745ce8b0076d85ef4bad6643512dad50425d8f61a49108664596ff785caf3e,20a265fc26ad,2026-09-01T15:49:24.59266834Z,2026-09-01T15:49:24.955353491Z,362.685152,200,fa5bbaa12602c6803fc911cd560f3cd567585f7b4703499b433ac2343ab380c5,,true,miss
calibration-20260902-g,S2-100-r01,S2-100,request-043,d4745ce8b0076d85ef4bad6643512dad50425d8f61a49108664596ff785caf3e,20a265fc26ad,2026-09-01T15:49:24.592631419Z,2026-09-01T15:49:24.954292218Z,361.660798,200,fa5bbaa12602c6803fc911cd560f3cd567585f7b4703499b433ac2343ab380c5,,true,miss
calibration-20260902-g,S2-100-r01,S2-100,request-044,d4745ce8b0076d85ef4bad6643512dad50425d8f61a49108664596ff785caf3e,20a265fc26ad,2026-09-01T15:49:24.592601551Z,2026-09-01T15:49:24.953886718Z,361.285171,200,fa5bbaa12602c6803fc911cd560f3cd567585f7b4703499b433ac2343ab380c5,,true,miss
calibration-20260902-g,S2-100-r01,S2-100,request-045,d4745ce8b0076d85ef4bad6643512dad50425d8f61a49108664596ff785caf3e,20a265fc26ad,2026-09-01T15:49:24.592580945Z,2026-09-01T15:49:24.958405826Z,365.824887,200,fa5bbaa12602c6803fc911cd560f3cd567585f7b4703499b433ac2343ab380c5,,true,miss
calibration-20260902-g,S2-100-r01,S2-100,request-046,d4745ce8b0076d85ef4bad6643512dad50425d8f61a49108664596ff785caf3e,20a265fc26ad,2026-09-01T15:49:24.592543519Z,2026-09-01T15:49:24.957670112Z,365.126596,200,fa5bbaa12602c6803fc911cd560f3cd567585f7b4703499b433ac2343ab380c5,,true,miss
calibration-20260902-g,S2-100-r01,S2-100,request-047,d4745ce8b0076d85ef4bad6643512dad50425d8f61a49108664596ff785caf3e,20a265fc26ad,2026-09-01T15:49:24.592525191Z,2026-09-01T15:49:24.957131102Z,364.605917,200,fa5bbaa12602c6803fc911cd560f3cd567585f7b4703499b433ac2343ab380c5,,true,miss
calibration-20260902-g,S2-100-r01,S2-100,request-048,d4745ce8b0076d85ef4bad6643512dad50425d8f61a49108664596ff785caf3e,20a265fc26ad,2026-09-01T15:49:24.592496133Z,2026-09-01T15:49:24.956880547Z,364.384419,200,fa5bbaa12602c6803fc911cd560f3cd567585f7b4703499b433ac2343ab380c5,,true,miss
calibration-20260902-g,S2-100-r01,S2-100,request-049,d4745ce8b0076d85ef4bad6643512dad50425d8f61a49108664596ff785caf3e,20a265fc26ad,2026-09-01T15:49:24.592468862Z,2026-09-01T15:49:24.956614271Z,364.145415,200,fa5bbaa12602c6803fc911cd560f3cd567585f7b4703499b433ac2343ab380c5,,true,miss
calibration-20260902-g,S2-100-r01,S2-100,request-050,d4745ce8b0076d85ef4bad6643512dad50425d8f61a49108664596ff785caf3e,20a265fc26ad,2026-09-01T15:49:24.592451664Z,2026-09-01T15:49:24.954706866Z,362.255203,200,fa5bbaa12602c6803fc911cd560f3cd567585f7b4703499b433ac2343ab380c5,,true,miss
calibration-20260902-g,S2-100-r01,S2-100,request-051,d4745ce8b0076d85ef4bad6643512dad50425d8f61a49108664596ff785caf3e,20a265fc26ad,2026-09-01T15:49:24.592429125Z,2026-09-01T15:49:24.958140712Z,365.711587,200,fa5bbaa12602c6803fc911cd560f3cd567585f7b4703499b433ac2343ab380c5,,true,miss
calibration-20260902-g,S2-100-r01,S2-100,request-052,d4745ce8b0076d85ef4bad6643512dad50425d8f61a49108664596ff785caf3e,20a265fc26ad,2026-09-01T15:49:24.592408488Z,2026-09-01T15:49:24.958067633Z,365.659152,200,fa5bbaa12602c6803fc911cd560f3cd567585f7b4703499b433ac2343ab380c5,,true,miss
calibration-20260902-g,S2-100-r01,S2-100,request-053,d4745ce8b0076d85ef4bad6643512dad50425d8f61a49108664596ff785caf3e,20a265fc26ad,2026-09-01T15:49:24.592387255Z,2026-09-01T15:49:24.954241294Z,361.854038,200,fa5bbaa12602c6803fc911cd560f3cd567585f7b4703499b433ac2343ab380c5,,true,miss
calibration-20260902-g,S2-100-r01,S2-100,request-054,d4745ce8b0076d85ef4bad6643512dad50425d8f61a49108664596ff785caf3e,20a265fc26ad,2026-09-01T15:49:24.592365836Z,2026-09-01T15:49:24.953931202Z,361.565361,200,fa5bbaa12602c6803fc911cd560f3cd567585f7b4703499b433ac2343ab380c5,,true,miss
calibration-20260902-g,S2-100-r01,S2-100,request-055,d4745ce8b0076d85ef4bad6643512dad50425d8f61a49108664596ff785caf3e,20a265fc26ad,2026-09-01T15:49:24.592336887Z,2026-09-01T15:49:24.953678127Z,361.341238,200,fa5bbaa12602c6803fc911cd560f3cd567585f7b4703499b433ac2343ab380c5,,true,miss
calibration-20260902-g,S2-100-r01,S2-100,request-056,d4745ce8b0076d85ef4bad6643512dad50425d8f61a49108664596ff785caf3e,20a265fc26ad,2026-09-01T15:49:24.592300068Z,2026-09-01T15:49:24.953427806Z,361.127744,200,fa5bbaa12602c6803fc911cd560f3cd567585f7b4703499b433ac2343ab380c5,,true,miss
calibration-20260902-g,S2-100-r01,S2-100,request-057,d4745ce8b0076d85ef4bad6643512dad50425d8f61a49108664596ff785caf3e,20a265fc26ad,2026-09-01T15:49:24.592278305Z,2026-09-01T15:49:24.95594956Z,363.671257,200,fa5bbaa12602c6803fc911cd560f3cd567585f7b4703499b433ac2343ab380c5,,true,miss
calibration-20260902-g,S2-100-r01,S2-100,request-058,d4745ce8b0076d85ef4bad6643512dad50425d8f61a49108664596ff785caf3e,20a265fc26ad,2026-09-01T15:49:24.592247247Z,2026-09-01T15:49:24.95549135Z,363.244102,200,fa5bbaa12602c6803fc911cd560f3cd567585f7b4703499b433ac2343ab380c5,,true,miss
calibration-20260902-g,S2-100-r01,S2-100,request-059,d4745ce8b0076d85ef4bad6643512dad50425d8f61a49108664596ff785caf3e,20a265fc26ad,2026-09-01T15:49:24.592108445Z,2026-09-01T15:49:24.956685521Z,364.577076,200,fa5bbaa12602c6803fc911cd560f3cd567585f7b4703499b433ac2343ab380c5,,true,miss
calibration-20260902-g,S2-100-r01,S2-100,request-060,d4745ce8b0076d85ef4bad6643512dad50425d8f61a49108664596ff785caf3e,20a265fc26ad,2026-09-01T15:49:24.630852798Z,2026-09-01T15:49:24.95611925Z,325.266459,200,fa5bbaa12602c6803fc911cd560f3cd567585f7b4703499b433ac2343ab380c5,,true,miss
calibration-20260902-g,S2-100-r01,S2-100,request-061,d4745ce8b0076d85ef4bad6643512dad50425d8f61a49108664596ff785caf3e,20a265fc26ad,2026-09-01T15:49:24.630796293Z,2026-09-01T15:49:24.955189552Z,324.393266,200,fa5bbaa12602c6803fc911cd560f3cd567585f7b4703499b433ac2343ab380c5,,true,miss
calibration-20260902-g,S2-100-r01,S2-100,request-062,d4745ce8b0076d85ef4bad6643512dad50425d8f61a49108664596ff785caf3e,20a265fc26ad,2026-09-01T15:49:24.63071585Z,2026-09-01T15:49:24.953687192Z,322.971342,200,fa5bbaa12602c6803fc911cd560f3cd567585f7b4703499b433ac2343ab380c5,,true,miss
calibration-20260902-g,S2-100-r01,S2-100,request-063,d4745ce8b0076d85ef4bad6643512dad50425d8f61a49108664596ff785caf3e,20a265fc26ad,2026-09-01T15:49:24.630678259Z,2026-09-01T15:49:24.95826268Z,327.584427,200,fa5bbaa12602c6803fc911cd560f3cd567585f7b4703499b433ac2343ab380c5,,true,miss
calibration-20260902-g,S2-100-r01,S2-100,request-064,d4745ce8b0076d85ef4bad6643512dad50425d8f61a49108664596ff785caf3e,20a265fc26ad,2026-09-01T15:49:24.630653453Z,2026-09-01T15:49:24.957293524Z,326.640078,200,fa5bbaa12602c6803fc911cd560f3cd567585f7b4703499b433ac2343ab380c5,,true,miss
calibration-20260902-g,S2-100-r01,S2-100,request-065,d4745ce8b0076d85ef4bad6643512dad50425d8f61a49108664596ff785caf3e,20a265fc26ad,2026-09-01T15:49:24.63063171Z,2026-09-01T15:49:24.956775091Z,326.143382,200,fa5bbaa12602c6803fc911cd560f3cd567585f7b4703499b433ac2343ab380c5,,true,miss
calibration-20260902-g,S2-100-r01,S2-100,request-066,d4745ce8b0076d85ef4bad6643512dad50425d8f61a49108664596ff785caf3e,20a265fc26ad,2026-09-01T15:49:24.630609374Z,2026-09-01T15:49:24.956507402Z,325.898028,200,fa5bbaa12602c6803fc911cd560f3cd567585f7b4703499b433ac2343ab380c5,,true,miss
calibration-20260902-g,S2-100-r01,S2-100,request-067,d4745ce8b0076d85ef4bad6643512dad50425d8f61a49108664596ff785caf3e,20a265fc26ad,2026-09-01T15:49:24.630556292Z,2026-09-01T15:49:24.95679063Z,326.234343,200,fa5bbaa12602c6803fc911cd560f3cd567585f7b4703499b433ac2343ab380c5,,true,miss
calibration-20260902-g,S2-100-r01,S2-100,request-068,d4745ce8b0076d85ef4bad6643512dad50425d8f61a49108664596ff785caf3e,20a265fc26ad,2026-09-01T15:49:24.630535488Z,2026-09-01T15:49:24.955563551Z,325.028060,200,fa5bbaa12602c6803fc911cd560f3cd567585f7b4703499b433ac2343ab380c5,,true,miss
calibration-20260902-g,S2-100-r01,S2-100,request-069,d4745ce8b0076d85ef4bad6643512dad50425d8f61a49108664596ff785caf3e,20a265fc26ad,2026-09-01T15:49:24.630500517Z,2026-09-01T15:49:24.955295274Z,324.794767,200,fa5bbaa12602c6803fc911cd560f3cd567585f7b4703499b433ac2343ab380c5,,true,miss
calibration-20260902-g,S2-100-r01,S2-100,request-070,d4745ce8b0076d85ef4bad6643512dad50425d8f61a49108664596ff785caf3e,20a265fc26ad,2026-09-01T15:49:24.592617851Z,2026-09-01T15:49:24.954048834Z,361.430983,200,fa5bbaa12602c6803fc911cd560f3cd567585f7b4703499b433ac2343ab380c5,,true,miss
calibration-20260902-g,S2-100-r01,S2-100,request-071,d4745ce8b0076d85ef4bad6643512dad50425d8f61a49108664596ff785caf3e,20a265fc26ad,2026-09-01T15:49:24.592823371Z,2026-09-01T15:49:24.953562903Z,360.739539,200,fa5bbaa12602c6803fc911cd560f3cd567585f7b4703499b433ac2343ab380c5,,true,miss
calibration-20260902-g,S2-100-r01,S2-100,request-072,d4745ce8b0076d85ef4bad6643512dad50425d8f61a49108664596ff785caf3e,20a265fc26ad,2026-09-01T15:49:24.592801237Z,2026-09-01T15:49:24.95790187Z,365.100639,200,fa5bbaa12602c6803fc911cd560f3cd567585f7b4703499b433ac2343ab380c5,,true,miss
calibration-20260902-g,S2-100-r01,S2-100,request-073,d4745ce8b0076d85ef4bad6643512dad50425d8f61a49108664596ff785caf3e,20a265fc26ad,2026-09-01T15:49:24.592769184Z,2026-09-01T15:49:24.957152807Z,364.383631,200,fa5bbaa12602c6803fc911cd560f3cd567585f7b4703499b433ac2343ab380c5,,true,miss
calibration-20260902-g,S2-100-r01,S2-100,request-074,d4745ce8b0076d85ef4bad6643512dad50425d8f61a49108664596ff785caf3e,20a265fc26ad,2026-09-01T15:49:24.592748456Z,2026-09-01T15:49:24.956835048Z,364.086598,200,fa5bbaa12602c6803fc911cd560f3cd567585f7b4703499b433ac2343ab380c5,,true,miss
calibration-20260902-g,S2-100-r01,S2-100,request-075,d4745ce8b0076d85ef4bad6643512dad50425d8f61a49108664596ff785caf3e,20a265fc26ad,2026-09-01T15:49:24.592728253Z,2026-09-01T15:49:24.956526073Z,363.797825,200,fa5bbaa12602c6803fc911cd560f3cd567585f7b4703499b433ac2343ab380c5,,true,miss
calibration-20260902-g,S2-100-r01,S2-100,request-076,d4745ce8b0076d85ef4bad6643512dad50425d8f61a49108664596ff785caf3e,20a265fc26ad,2026-09-01T15:49:24.59270756Z,2026-09-01T15:49:24.955737238Z,363.029679,200,fa5bbaa12602c6803fc911cd560f3cd567585f7b4703499b433ac2343ab380c5,,true,miss
calibration-20260902-g,S2-100-r01,S2-100,request-077,d4745ce8b0076d85ef4bad6643512dad50425d8f61a49108664596ff785caf3e,20a265fc26ad,2026-09-01T15:49:24.592692768Z,2026-09-01T15:49:24.95549714Z,362.804378,200,fa5bbaa12602c6803fc911cd560f3cd567585f7b4703499b433ac2343ab380c5,,true,miss
calibration-20260902-g,S2-100-r01,S2-100,request-078,d4745ce8b0076d85ef4bad6643512dad50425d8f61a49108664596ff785caf3e,20a265fc26ad,2026-09-01T15:49:24.59267182Z,2026-09-01T15:49:24.958229963Z,365.558150,200,fa5bbaa12602c6803fc911cd560f3cd567585f7b4703499b433ac2343ab380c5,,true,miss
calibration-20260902-g,S2-100-r01,S2-100,request-079,d4745ce8b0076d85ef4bad6643512dad50425d8f61a49108664596ff785caf3e,20a265fc26ad,2026-09-01T15:49:24.5926565Z,2026-09-01T15:49:24.955252511Z,362.596016,200,fa5bbaa12602c6803fc911cd560f3cd567585f7b4703499b433ac2343ab380c5,,true,miss
calibration-20260902-g,S2-100-r01,S2-100,request-080,d4745ce8b0076d85ef4bad6643512dad50425d8f61a49108664596ff785caf3e,20a265fc26ad,2026-09-01T15:49:24.592636458Z,2026-09-01T15:49:24.954199475Z,361.563014,200,fa5bbaa12602c6803fc911cd560f3cd567585f7b4703499b433ac2343ab380c5,,true,miss
calibration-20260902-g,S2-100-r01,S2-100,request-081,d4745ce8b0076d85ef4bad6643512dad50425d8f61a49108664596ff785caf3e,20a265fc26ad,2026-09-01T15:49:24.592600997Z,2026-09-01T15:49:24.953739854Z,361.138857,200,fa5bbaa12602c6803fc911cd560f3cd567585f7b4703499b433ac2343ab380c5,,true,miss
calibration-20260902-g,S2-100-r01,S2-100,request-082,d4745ce8b0076d85ef4bad6643512dad50425d8f61a49108664596ff785caf3e,20a265fc26ad,2026-09-01T15:49:24.59257851Z,2026-09-01T15:49:24.956627138Z,364.048628,200,fa5bbaa12602c6803fc911cd560f3cd567585f7b4703499b433ac2343ab380c5,,true,miss
calibration-20260902-g,S2-100-r01,S2-100,request-083,d4745ce8b0076d85ef4bad6643512dad50425d8f61a49108664596ff785caf3e,20a265fc26ad,2026-09-01T15:49:24.592496347Z,2026-09-01T15:49:24.956822176Z,364.325834,200,fa5bbaa12602c6803fc911cd560f3cd567585f7b4703499b433ac2343ab380c5,,true,miss
calibration-20260902-g,S2-100-r01,S2-100,request-084,d4745ce8b0076d85ef4bad6643512dad50425d8f61a49108664596ff785caf3e,20a265fc26ad,2026-09-01T15:49:24.592449477Z,2026-09-01T15:49:24.958113764Z,365.664292,200,fa5bbaa12602c6803fc911cd560f3cd567585f7b4703499b433ac2343ab380c5,,true,miss
calibration-20260902-g,S2-100-r01,S2-100,request-085,d4745ce8b0076d85ef4bad6643512dad50425d8f61a49108664596ff785caf3e,20a265fc26ad,2026-09-01T15:49:24.592839111Z,2026-09-01T15:49:24.953494609Z,360.655500,200,fa5bbaa12602c6803fc911cd560f3cd567585f7b4703499b433ac2343ab380c5,,true,miss
calibration-20260902-g,S2-100-r01,S2-100,request-086,d4745ce8b0076d85ef4bad6643512dad50425d8f61a49108664596ff785caf3e,20a265fc26ad,2026-09-01T15:49:24.592537415Z,2026-09-01T15:49:24.956367086Z,363.829678,200,fa5bbaa12602c6803fc911cd560f3cd567585f7b4703499b433ac2343ab380c5,,true,miss
calibration-20260902-g,S2-100-r01,S2-100,request-087,d4745ce8b0076d85ef4bad6643512dad50425d8f61a49108664596ff785caf3e,20a265fc26ad,2026-09-01T15:49:24.592505064Z,2026-09-01T15:49:24.956913799Z,364.408732,200,fa5bbaa12602c6803fc911cd560f3cd567585f7b4703499b433ac2343ab380c5,,true,miss
calibration-20260902-g,S2-100-r01,S2-100,request-088,d4745ce8b0076d85ef4bad6643512dad50425d8f61a49108664596ff785caf3e,20a265fc26ad,2026-09-01T15:49:24.592467548Z,2026-09-01T15:49:24.956725645Z,364.258102,200,fa5bbaa12602c6803fc911cd560f3cd567585f7b4703499b433ac2343ab380c5,,true,miss
calibration-20260902-g,S2-100-r01,S2-100,request-089,d4745ce8b0076d85ef4bad6643512dad50425d8f61a49108664596ff785caf3e,20a265fc26ad,2026-09-01T15:49:24.592430239Z,2026-09-01T15:49:24.956312451Z,363.882214,200,fa5bbaa12602c6803fc911cd560f3cd567585f7b4703499b433ac2343ab380c5,,true,miss
calibration-20260902-g,S2-100-r01,S2-100,request-090,d4745ce8b0076d85ef4bad6643512dad50425d8f61a49108664596ff785caf3e,20a265fc26ad,2026-09-01T15:49:24.592272053Z,2026-09-01T15:49:24.95571723Z,363.445178,200,fa5bbaa12602c6803fc911cd560f3cd567585f7b4703499b433ac2343ab380c5,,true,miss
calibration-20260902-g,S2-100-r01,S2-100,request-091,d4745ce8b0076d85ef4bad6643512dad50425d8f61a49108664596ff785caf3e,20a265fc26ad,2026-09-01T15:49:24.592290556Z,2026-09-01T15:49:24.958020173Z,365.729625,200,fa5bbaa12602c6803fc911cd560f3cd567585f7b4703499b433ac2343ab380c5,,false,miss
calibration-20260902-g,S2-100-r01,S2-100,request-092,d4745ce8b0076d85ef4bad6643512dad50425d8f61a49108664596ff785caf3e,20a265fc26ad,2026-09-01T15:49:24.592245806Z,2026-09-01T15:49:24.955368Z,363.122194,200,fa5bbaa12602c6803fc911cd560f3cd567585f7b4703499b433ac2343ab380c5,,true,miss
calibration-20260902-g,S2-100-r01,S2-100,request-093,d4745ce8b0076d85ef4bad6643512dad50425d8f61a49108664596ff785caf3e,20a265fc26ad,2026-09-01T15:49:24.592135192Z,2026-09-01T15:49:24.958187035Z,366.051845,200,fa5bbaa12602c6803fc911cd560f3cd567585f7b4703499b433ac2343ab380c5,,true,miss
calibration-20260902-g,S2-100-r01,S2-100,request-094,d4745ce8b0076d85ef4bad6643512dad50425d8f61a49108664596ff785caf3e,20a265fc26ad,2026-09-01T15:49:24.592140266Z,2026-09-01T15:49:24.956564068Z,364.423802,200,fa5bbaa12602c6803fc911cd560f3cd567585f7b4703499b433ac2343ab380c5,,true,miss
calibration-20260902-g,S2-100-r01,S2-100,request-095,d4745ce8b0076d85ef4bad6643512dad50425d8f61a49108664596ff785caf3e,20a265fc26ad,2026-09-01T15:49:24.59241132Z,2026-09-01T15:49:24.955615268Z,363.203950,200,fa5bbaa12602c6803fc911cd560f3cd567585f7b4703499b433ac2343ab380c5,,true,miss
calibration-20260902-g,S2-100-r01,S2-100,request-096,d4745ce8b0076d85ef4bad6643512dad50425d8f61a49108664596ff785caf3e,20a265fc26ad,2026-09-01T15:49:24.592387612Z,2026-09-01T15:49:24.954688491Z,362.300881,200,fa5bbaa12602c6803fc911cd560f3cd567585f7b4703499b433ac2343ab380c5,,true,miss
calibration-20260902-g,S2-100-r01,S2-100,request-097,d4745ce8b0076d85ef4bad6643512dad50425d8f61a49108664596ff785caf3e,20a265fc26ad,2026-09-01T15:49:24.592368677Z,2026-09-01T15:49:24.954083512Z,361.714837,200,fa5bbaa12602c6803fc911cd560f3cd567585f7b4703499b433ac2343ab380c5,,true,miss
calibration-20260902-g,S2-100-r01,S2-100,request-098,d4745ce8b0076d85ef4bad6643512dad50425d8f61a49108664596ff785caf3e,20a265fc26ad,2026-09-01T15:49:24.592339912Z,2026-09-01T15:49:24.953790983Z,361.451078,200,fa5bbaa12602c6803fc911cd560f3cd567585f7b4703499b433ac2343ab380c5,,true,miss
calibration-20260902-g,S2-100-r01,S2-100,request-099,d4745ce8b0076d85ef4bad6643512dad50425d8f61a49108664596ff785caf3e,20a265fc26ad,2026-09-01T15:49:24.592313521Z,2026-09-01T15:49:24.953553904Z,361.240388,200,fa5bbaa12602c6803fc911cd560f3cd567585f7b4703499b433ac2343ab380c5,,true,miss
calibration-20260902-g,S2-100-r01,S2-100,request-100,d4745ce8b0076d85ef4bad6643512dad50425d8f61a49108664596ff785caf3e,20a265fc26ad,2026-09-01T15:49:24.630897953Z,2026-09-01T15:49:24.958398249Z,327.500302,200,fa5bbaa12602c6803fc911cd560f3cd567585f7b4703499b433ac2343ab380c5,,true,miss
calibration-20260902-g,S1-100-r01,S1-100,request-001,d4745ce8b0076d85ef4bad6643512dad50425d8f61a49108664596ff785caf3e,20a265fc26ad,2026-09-01T15:49:25.33405151Z,2026-09-01T15:49:26.831700763Z,1497.649257,200,fa5bbaa12602c6803fc911cd560f3cd567585f7b4703499b433ac2343ab380c5,,false,miss
calibration-20260902-g,S1-100-r01,S1-100,request-002,d4745ce8b0076d85ef4bad6643512dad50425d8f61a49108664596ff785caf3e,20a265fc26ad,2026-09-01T15:49:25.355066511Z,2026-09-01T15:49:52.976771656Z,24279.683505,200,fa5bbaa12602c6803fc911cd560f3cd567585f7b4703499b433ac2343ab380c5,,false,miss
calibration-20260902-g,S1-100-r01,S1-100,request-003,d4745ce8b0076d85ef4bad6643512dad50425d8f61a49108664596ff785caf3e,20a265fc26ad,2026-09-01T15:49:25.35504592Z,2026-09-01T15:49:53.274053525Z,24576.985964,200,fa5bbaa12602c6803fc911cd560f3cd567585f7b4703499b433ac2343ab380c5,,false,miss
calibration-20260902-g,S1-100-r01,S1-100,request-004,d4745ce8b0076d85ef4bad6643512dad50425d8f61a49108664596ff785caf3e,20a265fc26ad,2026-09-01T15:49:25.355023762Z,2026-09-01T15:49:55.279312198Z,26582.266794,200,fa5bbaa12602c6803fc911cd560f3cd567585f7b4703499b433ac2343ab380c5,,false,miss
calibration-20260902-g,S1-100-r01,S1-100,request-005,d4745ce8b0076d85ef4bad6643512dad50425d8f61a49108664596ff785caf3e,20a265fc26ad,2026-09-01T15:49:25.355003515Z,2026-09-01T15:49:54.977170435Z,26280.145273,200,fa5bbaa12602c6803fc911cd560f3cd567585f7b4703499b433ac2343ab380c5,,false,miss
calibration-20260902-g,S1-100-r01,S1-100,request-006,d4745ce8b0076d85ef4bad6643512dad50425d8f61a49108664596ff785caf3e,20a265fc26ad,2026-09-01T15:49:25.354985723Z,2026-09-01T15:49:51.684416968Z,22987.409598,200,fa5bbaa12602c6803fc911cd560f3cd567585f7b4703499b433ac2343ab380c5,,false,miss
calibration-20260902-g,S1-100-r01,S1-100,request-007,d4745ce8b0076d85ef4bad6643512dad50425d8f61a49108664596ff785caf3e,20a265fc26ad,2026-09-01T15:49:25.354957871Z,2026-09-01T15:49:50.47246621Z,21775.486696,200,fa5bbaa12602c6803fc911cd560f3cd567585f7b4703499b433ac2343ab380c5,,false,miss
calibration-20260902-g,S1-100-r01,S1-100,request-008,d4745ce8b0076d85ef4bad6643512dad50425d8f61a49108664596ff785caf3e,20a265fc26ad,2026-09-01T15:49:25.354930064Z,2026-09-01T15:49:51.673773786Z,22976.822080,200,fa5bbaa12602c6803fc911cd560f3cd567585f7b4703499b433ac2343ab380c5,,false,miss
calibration-20260902-g,S1-100-r01,S1-100,request-009,d4745ce8b0076d85ef4bad6643512dad50425d8f61a49108664596ff785caf3e,20a265fc26ad,2026-09-01T15:49:25.354907778Z,2026-09-01T15:49:52.874746478Z,24177.817053,200,fa5bbaa12602c6803fc911cd560f3cd567585f7b4703499b433ac2343ab380c5,,false,miss
calibration-20260902-g,S1-100-r01,S1-100,request-010,d4745ce8b0076d85ef4bad6643512dad50425d8f61a49108664596ff785caf3e,20a265fc26ad,2026-09-01T15:49:25.354891553Z,2026-09-01T15:49:39.729737806Z,14374.846260,200,fa5bbaa12602c6803fc911cd560f3cd567585f7b4703499b433ac2343ab380c5,,false,miss
calibration-20260902-g,S1-100-r01,S1-100,request-011,d4745ce8b0076d85ef4bad6643512dad50425d8f61a49108664596ff785caf3e,20a265fc26ad,2026-09-01T15:49:25.354870588Z,2026-09-01T15:49:47.784202304Z,19087.310073,200,fa5bbaa12602c6803fc911cd560f3cd567585f7b4703499b433ac2343ab380c5,,false,miss
calibration-20260902-g,S1-100-r01,S1-100,request-012,d4745ce8b0076d85ef4bad6643512dad50425d8f61a49108664596ff785caf3e,20a265fc26ad,2026-09-01T15:49:25.35485038Z,2026-09-01T15:49:43.176335847Z,17872.024064,200,fa5bbaa12602c6803fc911cd560f3cd567585f7b4703499b433ac2343ab380c5,,false,miss
calibration-20260902-g,S1-100-r01,S1-100,request-013,d4745ce8b0076d85ef4bad6643512dad50425d8f61a49108664596ff785caf3e,20a265fc26ad,2026-09-01T15:49:25.354833992Z,2026-09-01T15:49:41.636403433Z,16281.569444,200,fa5bbaa12602c6803fc911cd560f3cd567585f7b4703499b433ac2343ab380c5,,false,miss
calibration-20260902-g,S1-100-r01,S1-100,request-014,d4745ce8b0076d85ef4bad6643512dad50425d8f61a49108664596ff785caf3e,20a265fc26ad,2026-09-01T15:49:25.354810942Z,2026-09-01T15:49:41.92639919Z,16571.588257,200,fa5bbaa12602c6803fc911cd560f3cd567585f7b4703499b433ac2343ab380c5,,false,miss
calibration-20260902-g,S1-100-r01,S1-100,request-015,d4745ce8b0076d85ef4bad6643512dad50425d8f61a49108664596ff785caf3e,20a265fc26ad,2026-09-01T15:49:25.354790034Z,2026-09-01T15:49:41.340423672Z,15985.633643,200,fa5bbaa12602c6803fc911cd560f3cd567585f7b4703499b433ac2343ab380c5,,false,miss
calibration-20260902-g,S1-100-r01,S1-100,request-016,d4745ce8b0076d85ef4bad6643512dad50425d8f61a49108664596ff785caf3e,20a265fc26ad,2026-09-01T15:49:25.354769624Z,2026-09-01T15:49:38.131376436Z,12776.606812,200,fa5bbaa12602c6803fc911cd560f3cd567585f7b4703499b433ac2343ab380c5,,false,miss
calibration-20260902-g,S1-100-r01,S1-100,request-017,d4745ce8b0076d85ef4bad6643512dad50425d8f61a49108664596ff785caf3e,20a265fc26ad,2026-09-01T15:49:25.354751212Z,2026-09-01T15:49:36.940479945Z,11585.728734,200,fa5bbaa12602c6803fc911cd560f3cd567585f7b4703499b433ac2343ab380c5,,false,miss
calibration-20260902-g,S1-100-r01,S1-100,request-018,d4745ce8b0076d85ef4bad6643512dad50425d8f61a49108664596ff785caf3e,20a265fc26ad,2026-09-01T15:49:25.354717404Z,2026-09-01T15:49:58.981258905Z,30284.519851,200,fa5bbaa12602c6803fc911cd560f3cd567585f7b4703499b433ac2343ab380c5,,false,miss
calibration-20260902-g,S1-100-r01,S1-100,request-019,d4745ce8b0076d85ef4bad6643512dad50425d8f61a49108664596ff785caf3e,20a265fc26ad,2026-09-01T15:49:25.354632269Z,2026-09-01T15:49:57.78112321Z,29084.469290,200,fa5bbaa12602c6803fc911cd560f3cd567585f7b4703499b433ac2343ab380c5,,false,miss
calibration-20260902-g,S1-100-r01,S1-100,request-020,d4745ce8b0076d85ef4bad6643512dad50425d8f61a49108664596ff785caf3e,20a265fc26ad,2026-09-01T15:49:25.354498639Z,2026-09-01T15:49:50.782168027Z,22085.647741,200,fa5bbaa12602c6803fc911cd560f3cd567585f7b4703499b433ac2343ab380c5,,false,miss
calibration-20260902-g,S1-100-r01,S1-100,request-021,d4745ce8b0076d85ef4bad6643512dad50425d8f61a49108664596ff785caf3e,20a265fc26ad,2026-09-01T15:49:25.334901454Z,2026-09-01T15:49:36.735145236Z,11400.243776,200,fa5bbaa12602c6803fc911cd560f3cd567585f7b4703499b433ac2343ab380c5,,false,miss
calibration-20260902-g,S1-100-r01,S1-100,request-022,d4745ce8b0076d85ef4bad6643512dad50425d8f61a49108664596ff785caf3e,20a265fc26ad,2026-09-01T15:49:25.33482003Z,2026-09-01T15:49:52.382647686Z,23705.806011,200,fa5bbaa12602c6803fc911cd560f3cd567585f7b4703499b433ac2343ab380c5,,false,miss
calibration-20260902-g,S1-100-r01,S1-100,request-023,d4745ce8b0076d85ef4bad6643512dad50425d8f61a49108664596ff785caf3e,20a265fc26ad,2026-09-01T15:49:25.334802591Z,2026-09-01T15:49:47.480122411Z,18803.298176,200,fa5bbaa12602c6803fc911cd560f3cd567585f7b4703499b433ac2343ab380c5,,false,miss
calibration-20260902-g,S1-100-r01,S1-100,request-024,d4745ce8b0076d85ef4bad6643512dad50425d8f61a49108664596ff785caf3e,20a265fc26ad,2026-09-01T15:49:25.334776311Z,2026-09-01T15:49:43.281359213Z,17997.121499,200,fa5bbaa12602c6803fc911cd560f3cd567585f7b4703499b433ac2343ab380c5,,false,miss
calibration-20260902-g,S1-100-r01,S1-100,request-025,d4745ce8b0076d85ef4bad6643512dad50425d8f61a49108664596ff785caf3e,20a265fc26ad,2026-09-01T15:49:25.334755093Z,2026-09-01T15:49:42.629483058Z,17294.727969,200,fa5bbaa12602c6803fc911cd560f3cd567585f7b4703499b433ac2343ab380c5,,false,miss
calibration-20260902-g,S1-100-r01,S1-100,request-026,d4745ce8b0076d85ef4bad6643512dad50425d8f61a49108664596ff785caf3e,20a265fc26ad,2026-09-01T15:49:25.334730487Z,2026-09-01T15:49:39.02723991Z,13692.509428,200,fa5bbaa12602c6803fc911cd560f3cd567585f7b4703499b433ac2343ab380c5,,false,miss
calibration-20260902-g,S1-100-r01,S1-100,request-027,d4745ce8b0076d85ef4bad6643512dad50425d8f61a49108664596ff785caf3e,20a265fc26ad,2026-09-01T15:49:25.334706415Z,2026-09-01T15:49:56.479233296Z,27802.505238,200,fa5bbaa12602c6803fc911cd560f3cd567585f7b4703499b433ac2343ab380c5,,false,miss
calibration-20260902-g,S1-100-r01,S1-100,request-028,d4745ce8b0076d85ef4bad6643512dad50425d8f61a49108664596ff785caf3e,20a265fc26ad,2026-09-01T15:49:25.334684397Z,2026-09-01T15:49:38.426805866Z,13092.121471,200,fa5bbaa12602c6803fc911cd560f3cd567585f7b4703499b433ac2343ab380c5,,false,miss
calibration-20260902-g,S1-100-r01,S1-100,request-029,d4745ce8b0076d85ef4bad6643512dad50425d8f61a49108664596ff785caf3e,20a265fc26ad,2026-09-01T15:49:25.33466426Z,2026-09-01T15:49:36.933897983Z,11599.233731,200,fa5bbaa12602c6803fc911cd560f3cd567585f7b4703499b433ac2343ab380c5,,false,miss
calibration-20260902-g,S1-100-r01,S1-100,request-030,d4745ce8b0076d85ef4bad6643512dad50425d8f61a49108664596ff785caf3e,20a265fc26ad,2026-09-01T15:49:25.334644507Z,2026-09-01T15:49:54.567106178Z,25890.440026,200,fa5bbaa12602c6803fc911cd560f3cd567585f7b4703499b433ac2343ab380c5,,false,miss
calibration-20260902-g,S1-100-r01,S1-100,request-031,d4745ce8b0076d85ef4bad6643512dad50425d8f61a49108664596ff785caf3e,20a265fc26ad,2026-09-01T15:49:25.334625512Z,2026-09-01T15:49:50.473446732Z,21796.799572,200,fa5bbaa12602c6803fc911cd560f3cd567585f7b4703499b433ac2343ab380c5,,false,miss
calibration-20260902-g,S1-100-r01,S1-100,request-032,d4745ce8b0076d85ef4bad6643512dad50425d8f61a49108664596ff785caf3e,20a265fc26ad,2026-09-01T15:49:25.334608872Z,2026-09-01T15:49:53.681864968Z,25005.234453,200,fa5bbaa12602c6803fc911cd560f3cd567585f7b4703499b433ac2343ab380c5,,false,miss
calibration-20260902-g,S1-100-r01,S1-100,request-033,d4745ce8b0076d85ef4bad6643512dad50425d8f61a49108664596ff785caf3e,20a265fc26ad,2026-09-01T15:49:25.334594295Z,2026-09-01T15:49:35.529071541Z,10194.477254,200,fa5bbaa12602c6803fc911cd560f3cd567585f7b4703499b433ac2343ab380c5,,false,miss
calibration-20260902-g,S1-100-r01,S1-100,request-034,d4745ce8b0076d85ef4bad6643512dad50425d8f61a49108664596ff785caf3e,20a265fc26ad,2026-09-01T15:49:25.33457524Z,2026-09-01T15:49:34.243042096Z,8908.466855,200,fa5bbaa12602c6803fc911cd560f3cd567585f7b4703499b433ac2343ab380c5,,false,miss
calibration-20260902-g,S1-100-r01,S1-100,request-035,d4745ce8b0076d85ef4bad6643512dad50425d8f61a49108664596ff785caf3e,20a265fc26ad,2026-09-01T15:49:25.334550638Z,2026-09-01T15:49:28.131889187Z,2797.338550,200,fa5bbaa12602c6803fc911cd560f3cd567585f7b4703499b433ac2343ab380c5,,false,miss
calibration-20260902-g,S1-100-r01,S1-100,request-036,d4745ce8b0076d85ef4bad6643512dad50425d8f61a49108664596ff785caf3e,20a265fc26ad,2026-09-01T15:49:25.334510673Z,2026-09-01T15:49:55.785052124Z,27108.519799,200,fa5bbaa12602c6803fc911cd560f3cd567585f7b4703499b433ac2343ab380c5,,false,miss
calibration-20260902-g,S1-100-r01,S1-100,request-037,d4745ce8b0076d85ef4bad6643512dad50425d8f61a49108664596ff785caf3e,20a265fc26ad,2026-09-01T15:49:25.334486521Z,2026-09-01T15:49:29.436928297Z,4102.441779,200,fa5bbaa12602c6803fc911cd560f3cd567585f7b4703499b433ac2343ab380c5,,false,miss
calibration-20260902-g,S1-100-r01,S1-100,request-038,d4745ce8b0076d85ef4bad6643512dad50425d8f61a49108664596ff785caf3e,20a265fc26ad,2026-09-01T15:49:25.33445342Z,2026-09-01T15:49:32.932137567Z,7597.684152,200,fa5bbaa12602c6803fc911cd560f3cd567585f7b4703499b433ac2343ab380c5,,false,miss
calibration-20260902-g,S1-100-r01,S1-100,request-039,d4745ce8b0076d85ef4bad6643512dad50425d8f61a49108664596ff785caf3e,20a265fc26ad,2026-09-01T15:49:25.334425593Z,2026-09-01T15:49:32.940860459Z,7606.434872,200,fa5bbaa12602c6803fc911cd560f3cd567585f7b4703499b433ac2343ab380c5,,false,miss
calibration-20260902-g,S1-100-r01,S1-100,request-040,d4745ce8b0076d85ef4bad6643512dad50425d8f61a49108664596ff785caf3e,20a265fc26ad,2026-09-01T15:49:25.334406647Z,2026-09-01T15:49:31.831205081Z,6496.798435,200,fa5bbaa12602c6803fc911cd560f3cd567585f7b4703499b433ac2343ab380c5,,false,miss
calibration-20260902-g,S1-100-r01,S1-100,request-041,d4745ce8b0076d85ef4bad6643512dad50425d8f61a49108664596ff785caf3e,20a265fc26ad,2026-09-01T15:49:25.334388692Z,2026-09-01T15:49:30.532938433Z,5198.549747,200,fa5bbaa12602c6803fc911cd560f3cd567585f7b4703499b433ac2343ab380c5,,false,miss
calibration-20260902-g,S1-100-r01,S1-100,request-042,d4745ce8b0076d85ef4bad6643512dad50425d8f61a49108664596ff785caf3e,20a265fc26ad,2026-09-01T15:49:25.334371569Z,2026-09-01T15:49:28.034060459Z,2699.688901,200,fa5bbaa12602c6803fc911cd560f3cd567585f7b4703499b433ac2343ab380c5,,false,miss
calibration-20260902-g,S1-100-r01,S1-100,request-043,d4745ce8b0076d85ef4bad6643512dad50425d8f61a49108664596ff785caf3e,20a265fc26ad,2026-09-01T15:49:25.334349195Z,2026-09-01T15:49:34.43508676Z,9100.737569,200,fa5bbaa12602c6803fc911cd560f3cd567585f7b4703499b433ac2343ab380c5,,false,miss
calibration-20260902-g,S1-100-r01,S1-100,request-044,d4745ce8b0076d85ef4bad6643512dad50425d8f61a49108664596ff785caf3e,20a265fc26ad,2026-09-01T15:49:25.334332842Z,2026-09-01T15:49:31.725306731Z,6390.973895,200,fa5bbaa12602c6803fc911cd560f3cd567585f7b4703499b433ac2343ab380c5,,false,miss
calibration-20260902-g,S1-100-r01,S1-100,request-045,d4745ce8b0076d85ef4bad6643512dad50425d8f61a49108664596ff785caf3e,20a265fc26ad,2026-09-01T15:49:25.334309703Z,2026-09-01T15:49:35.625354311Z,10291.044614,200,fa5bbaa12602c6803fc911cd560f3cd567585f7b4703499b433ac2343ab380c5,,false,miss
calibration-20260902-g,S1-100-r01,S1-100,request-046,d4745ce8b0076d85ef4bad6643512dad50425d8f61a49108664596ff785caf3e,20a265fc26ad,2026-09-01T15:49:25.334292773Z,2026-09-01T15:49:27.942459917Z,2608.167143,200,fa5bbaa12602c6803fc911cd560f3cd567585f7b4703499b433ac2343ab380c5,,false,miss
calibration-20260902-g,S1-100-r01,S1-100,request-047,d4745ce8b0076d85ef4bad6643512dad50425d8f61a49108664596ff785caf3e,20a265fc26ad,2026-09-01T15:49:25.334270585Z,2026-09-01T15:49:29.327905547Z,3993.634967,200,fa5bbaa12602c6803fc911cd560f3cd567585f7b4703499b433ac2343ab380c5,,false,miss
calibration-20260902-g,S1-100-r01,S1-100,request-048,d4745ce8b0076d85ef4bad6643512dad50425d8f61a49108664596ff785caf3e,20a265fc26ad,2026-09-01T15:49:25.334250827Z,2026-09-01T15:49:26.737397715Z,1403.146895,200,fa5bbaa12602c6803fc911cd560f3cd567585f7b4703499b433ac2343ab380c5,,false,miss
calibration-20260902-g,S1-100-r01,S1-100,request-049,d4745ce8b0076d85ef4bad6643512dad50425d8f61a49108664596ff785caf3e,20a265fc26ad,2026-09-01T15:49:25.334217289Z,2026-09-01T15:49:35.730546595Z,10396.329309,200,fa5bbaa12602c6803fc911cd560f3cd567585f7b4703499b433ac2343ab380c5,,false,miss
calibration-20260902-g,S1-100-r01,S1-100,request-050,d4745ce8b0076d85ef4bad6643512dad50425d8f61a49108664596ff785caf3e,20a265fc26ad,2026-09-01T15:49:25.334099878Z,2026-09-01T15:49:59.467353563Z,30791.232044,200,fa5bbaa12602c6803fc911cd560f3cd567585f7b4703499b433ac2343ab380c5,,false,miss
calibration-20260902-g,S1-100-r01,S1-100,request-051,d4745ce8b0076d85ef4bad6643512dad50425d8f61a49108664596ff785caf3e,20a265fc26ad,2026-09-01T15:49:25.354969407Z,2026-09-01T15:49:49.971901778Z,21274.910727,200,fa5bbaa12602c6803fc911cd560f3cd567585f7b4703499b433ac2343ab380c5,,false,miss
calibration-20260902-g,S1-100-r01,S1-100,request-052,d4745ce8b0076d85ef4bad6643512dad50425d8f61a49108664596ff785caf3e,20a265fc26ad,2026-09-01T15:49:25.354947185Z,2026-09-01T15:49:58.674908703Z,29977.939875,200,fa5bbaa12602c6803fc911cd560f3cd567585f7b4703499b433ac2343ab380c5,,false,miss
calibration-20260902-g,S1-100-r01,S1-100,request-053,d4745ce8b0076d85ef4bad6643512dad50425d8f61a49108664596ff785caf3e,20a265fc26ad,2026-09-01T15:49:25.35492788Z,2026-09-01T15:49:57.073071188Z,28376.121665,200,fa5bbaa12602c6803fc911cd560f3cd567585f7b4703499b433ac2343ab380c5,,false,miss
calibration-20260902-g,S1-100-r01,S1-100,request-054,d4745ce8b0076d85ef4bad6643512dad50425d8f61a49108664596ff785caf3e,20a265fc26ad,2026-09-01T15:49:25.354905209Z,2026-09-01T15:49:48.773090567Z,20076.163716,200,fa5bbaa12602c6803fc911cd560f3cd567585f7b4703499b433ac2343ab380c5,,false,miss
calibration-20260902-g,S1-100-r01,S1-100,request-055,d4745ce8b0076d85ef4bad6643512dad50425d8f61a49108664596ff785caf3e,20a265fc26ad,2026-09-01T15:49:25.354887516Z,2026-09-01T15:49:47.889324831Z,19192.415668,200,fa5bbaa12602c6803fc911cd560f3cd567585f7b4703499b433ac2343ab380c5,,false,miss
calibration-20260902-g,S1-100-r01,S1-100,request-056,d4745ce8b0076d85ef4bad6643512dad50425d8f61a49108664596ff785caf3e,20a265fc26ad,2026-09-01T15:49:25.354832549Z,2026-09-01T15:49:42.138283674Z,16783.451128,200,fa5bbaa12602c6803fc911cd560f3cd567585f7b4703499b433ac2343ab380c5,,false,miss
calibration-20260902-g,S1-100-r01,S1-100,request-057,d4745ce8b0076d85ef4bad6643512dad50425d8f61a49108664596ff785caf3e,20a265fc26ad,2026-09-01T15:49:25.354781625Z,2026-09-01T15:49:56.678650021Z,27981.846753,200,fa5bbaa12602c6803fc911cd560f3cd567585f7b4703499b433ac2343ab380c5,,false,miss
calibration-20260902-g,S1-100-r01,S1-100,request-058,d4745ce8b0076d85ef4bad6643512dad50425d8f61a49108664596ff785caf3e,20a265fc26ad,2026-09-01T15:49:25.354639344Z,2026-09-01T15:49:49.081916346Z,20385.255360,200,fa5bbaa12602c6803fc911cd560f3cd567585f7b4703499b433ac2343ab380c5,,false,miss
calibration-20260902-g,S1-100-r01,S1-100,request-059,d4745ce8b0076d85ef4bad6643512dad50425d8f61a49108664596ff785caf3e,20a265fc26ad,2026-09-01T15:49:25.354620843Z,2026-09-01T15:49:57.979820881Z,29283.178397,200,fa5bbaa12602c6803fc911cd560f3cd567585f7b4703499b433ac2343ab380c5,,false,miss
calibration-20260902-g,S1-100-r01,S1-100,request-060,d4745ce8b0076d85ef4bad6643512dad50425d8f61a49108664596ff785caf3e,20a265fc26ad,2026-09-01T15:49:25.354589475Z,2026-09-01T15:49:58.182741876Z,29486.130758,200,fa5bbaa12602c6803fc911cd560f3cd567585f7b4703499b433ac2343ab380c5,,false,miss
calibration-20260902-g,S1-100-r01,S1-100,request-061,d4745ce8b0076d85ef4bad6643512dad50425d8f61a49108664596ff785caf3e,20a265fc26ad,2026-09-01T15:49:25.354359168Z,2026-09-01T15:49:51.088582645Z,22392.201827,200,fa5bbaa12602c6803fc911cd560f3cd567585f7b4703499b433ac2343ab380c5,,false,miss
calibration-20260902-g,S1-100-r01,S1-100,request-062,d4745ce8b0076d85ef4bad6643512dad50425d8f61a49108664596ff785caf3e,20a265fc26ad,2026-09-01T15:49:25.334854856Z,2026-09-01T15:49:40.134720274Z,14799.865416,200,fa5bbaa12602c6803fc911cd560f3cd567585f7b4703499b433ac2343ab380c5,,false,miss
calibration-20260902-g,S1-100-r01,S1-100,request-063,d4745ce8b0076d85ef4bad6643512dad50425d8f61a49108664596ff785caf3e,20a265fc26ad,2026-09-01T15:49:25.334811928Z,2026-09-01T15:49:39.435270635Z,14100.458709,200,fa5bbaa12602c6803fc911cd560f3cd567585f7b4703499b433ac2343ab380c5,,false,miss
calibration-20260902-g,S1-100-r01,S1-100,request-064,d4745ce8b0076d85ef4bad6643512dad50425d8f61a49108664596ff785caf3e,20a265fc26ad,2026-09-01T15:49:25.334793789Z,2026-09-01T15:49:48.369695996Z,19692.880566,200,fa5bbaa12602c6803fc911cd560f3cd567585f7b4703499b433ac2343ab380c5,,false,miss
calibration-20260902-g,S1-100-r01,S1-100,request-065,d4745ce8b0076d85ef4bad6643512dad50425d8f61a49108664596ff785caf3e,20a265fc26ad,2026-09-01T15:49:25.334676769Z,2026-09-01T15:49:37.939388537Z,12604.711775,200,fa5bbaa12602c6803fc911cd560f3cd567585f7b4703499b433ac2343ab380c5,,false,miss
calibration-20260902-g,S1-100-r01,S1-100,request-066,d4745ce8b0076d85ef4bad6643512dad50425d8f61a49108664596ff785caf3e,20a265fc26ad,2026-09-01T15:49:25.334659103Z,2026-09-01T15:49:36.535536926Z,11200.877837,200,fa5bbaa12602c6803fc911cd560f3cd567585f7b4703499b433ac2343ab380c5,,false,miss
calibration-20260902-g,S1-100-r01,S1-100,request-067,d4745ce8b0076d85ef4bad6643512dad50425d8f61a49108664596ff785caf3e,20a265fc26ad,2026-09-01T15:49:25.334639476Z,2026-09-01T15:49:54.178262793Z,25501.601674,200,fa5bbaa12602c6803fc911cd560f3cd567585f7b4703499b433ac2343ab380c5,,false,miss
calibration-20260902-g,S1-100-r01,S1-100,request-068,d4745ce8b0076d85ef4bad6643512dad50425d8f61a49108664596ff785caf3e,20a265fc26ad,2026-09-01T15:49:25.334618814Z,2026-09-01T15:49:57.391767586Z,28715.127124,200,fa5bbaa12602c6803fc911cd560f3cd567585f7b4703499b433ac2343ab380c5,,false,miss
calibration-20260902-g,S1-100-r01,S1-100,request-069,d4745ce8b0076d85ef4bad6643512dad50425d8f61a49108664596ff785caf3e,20a265fc26ad,2026-09-01T15:49:25.334215669Z,2026-09-01T15:49:49.173596168Z,20497.358851,200,fa5bbaa12602c6803fc911cd560f3cd567585f7b4703499b433ac2343ab380c5,,false,miss
calibration-20260902-g,S1-100-r01,S1-100,request-070,d4745ce8b0076d85ef4bad6643512dad50425d8f61a49108664596ff785caf3e,20a265fc26ad,2026-09-01T15:49:25.334344546Z,2026-09-01T15:49:34.04463314Z,8710.288599,200,fa5bbaa12602c6803fc911cd560f3cd567585f7b4703499b433ac2343ab380c5,,false,miss
calibration-20260902-g,S1-100-r01,S1-100,request-071,d4745ce8b0076d85ef4bad6643512dad50425d8f61a49108664596ff785caf3e,20a265fc26ad,2026-09-01T15:49:25.334324991Z,2026-09-01T15:49:30.531930189Z,5197.605203,200,fa5bbaa12602c6803fc911cd560f3cd567585f7b4703499b433ac2343ab380c5,,false,miss
calibration-20260902-g,S1-100-r01,S1-100,request-072,d4745ce8b0076d85ef4bad6643512dad50425d8f61a49108664596ff785caf3e,20a265fc26ad,2026-09-01T15:49:25.334303003Z,2026-09-01T15:49:26.738111942Z,1403.808947,200,fa5bbaa12602c6803fc911cd560f3cd567585f7b4703499b433ac2343ab380c5,,false,miss
calibration-20260902-g,S1-100-r01,S1-100,request-073,d4745ce8b0076d85ef4bad6643512dad50425d8f61a49108664596ff785caf3e,20a265fc26ad,2026-09-01T15:49:25.334366504Z,2026-09-01T15:49:26.835321152Z,1500.954655,200,fa5bbaa12602c6803fc911cd560f3cd567585f7b4703499b433ac2343ab380c5,,false,miss
calibration-20260902-g,S1-100-r01,S1-100,request-074,d4745ce8b0076d85ef4bad6643512dad50425d8f61a49108664596ff785caf3e,20a265fc26ad,2026-09-01T15:49:25.334251494Z,2026-09-01T15:49:33.131629674Z,7797.378180,200,fa5bbaa12602c6803fc911cd560f3cd567585f7b4703499b433ac2343ab380c5,,false,miss
calibration-20260902-g,S1-100-r01,S1-100,request-075,d4745ce8b0076d85ef4bad6643512dad50425d8f61a49108664596ff785caf3e,20a265fc26ad,2026-09-01T15:49:25.33427977Z,2026-09-01T15:49:27.942462946Z,2608.183184,200,fa5bbaa12602c6803fc911cd560f3cd567585f7b4703499b433ac2343ab380c5,,false,miss
calibration-20260902-g,S1-100-r01,S1-100,request-076,d4745ce8b0076d85ef4bad6643512dad50425d8f61a49108664596ff785caf3e,20a265fc26ad,2026-09-01T15:49:25.334049559Z,2026-09-01T15:49:56.273248747Z,27597.177512,200,fa5bbaa12602c6803fc911cd560f3cd567585f7b4703499b433ac2343ab380c5,,false,miss
calibration-20260902-g,S1-100-r01,S1-100,request-077,d4745ce8b0076d85ef4bad6643512dad50425d8f61a49108664596ff785caf3e,20a265fc26ad,2026-09-01T15:49:25.334105222Z,2026-09-01T15:50:00.027012972Z,31350.886103,200,fa5bbaa12602c6803fc911cd560f3cd567585f7b4703499b433ac2343ab380c5,,false,miss
calibration-20260902-g,S1-100-r01,S1-100,request-078,d4745ce8b0076d85ef4bad6643512dad50425d8f61a49108664596ff785caf3e,20a265fc26ad,2026-09-01T15:49:25.354863861Z,2026-09-01T15:49:47.172596821Z,18475.711316,200,fa5bbaa12602c6803fc911cd560f3cd567585f7b4703499b433ac2343ab380c5,,false,miss
calibration-20260902-g,S1-100-r01,S1-100,request-079,d4745ce8b0076d85ef4bad6643512dad50425d8f61a49108664596ff785caf3e,20a265fc26ad,2026-09-01T15:49:25.354810444Z,2026-09-01T15:49:40.929267822Z,15574.457379,200,fa5bbaa12602c6803fc911cd560f3cd567585f7b4703499b433ac2343ab380c5,,false,miss
calibration-20260902-g,S1-100-r01,S1-100,request-080,d4745ce8b0076d85ef4bad6643512dad50425d8f61a49108664596ff785caf3e,20a265fc26ad,2026-09-01T15:49:25.354741973Z,2026-09-01T15:49:37.741783677Z,12387.041707,200,fa5bbaa12602c6803fc911cd560f3cd567585f7b4703499b433ac2343ab380c5,,false,miss
calibration-20260902-g,S1-100-r01,S1-100,request-081,d4745ce8b0076d85ef4bad6643512dad50425d8f61a49108664596ff785caf3e,20a265fc26ad,2026-09-01T15:49:25.354605003Z,2026-09-01T15:49:59.773930139Z,31077.303493,200,fa5bbaa12602c6803fc911cd560f3cd567585f7b4703499b433ac2343ab380c5,,false,miss
calibration-20260902-g,S1-100-r01,S1-100,request-082,d4745ce8b0076d85ef4bad6643512dad50425d8f61a49108664596ff785caf3e,20a265fc26ad,2026-09-01T15:49:25.354565811Z,2026-09-01T15:49:55.384185262Z,26687.597799,200,fa5bbaa12602c6803fc911cd560f3cd567585f7b4703499b433ac2343ab380c5,,false,miss
calibration-20260902-g,S1-100-r01,S1-100,request-083,d4745ce8b0076d85ef4bad6643512dad50425d8f61a49108664596ff785caf3e,20a265fc26ad,2026-09-01T15:49:25.354511781Z,2026-09-01T15:49:49.576285066Z,20879.751644,200,fa5bbaa12602c6803fc911cd560f3cd567585f7b4703499b433ac2343ab380c5,,false,miss
calibration-20260902-g,S1-100-r01,S1-100,request-084,d4745ce8b0076d85ef4bad6643512dad50425d8f61a49108664596ff785caf3e,20a265fc26ad,2026-09-01T15:49:25.354475587Z,2026-09-01T15:49:54.071799244Z,25375.302014,200,fa5bbaa12602c6803fc911cd560f3cd567585f7b4703499b433ac2343ab380c5,,false,miss
calibration-20260902-g,S1-100-r01,S1-100,request-085,d4745ce8b0076d85ef4bad6643512dad50425d8f61a49108664596ff785caf3e,20a265fc26ad,2026-09-01T15:49:25.334910912Z,2026-09-01T15:49:59.967085446Z,31290.152888,200,fa5bbaa12602c6803fc911cd560f3cd567585f7b4703499b433ac2343ab380c5,,false,miss
calibration-20260902-g,S1-100-r01,S1-100,request-086,d4745ce8b0076d85ef4bad6643512dad50425d8f61a49108664596ff785caf3e,20a265fc26ad,2026-09-01T15:49:25.334774153Z,2026-09-01T15:49:39.139225134Z,13804.450983,200,fa5bbaa12602c6803fc911cd560f3cd567585f7b4703499b433ac2343ab380c5,,false,miss
calibration-20260902-g,S1-100-r01,S1-100,request-087,d4745ce8b0076d85ef4bad6643512dad50425d8f61a49108664596ff785caf3e,20a265fc26ad,2026-09-01T15:49:25.334745671Z,2026-09-01T15:49:42.92502087Z,17590.275206,200,fa5bbaa12602c6803fc911cd560f3cd567585f7b4703499b433ac2343ab380c5,,false,miss
calibration-20260902-g,S1-100-r01,S1-100,request-088,d4745ce8b0076d85ef4bad6643512dad50425d8f61a49108664596ff785caf3e,20a265fc26ad,2026-09-01T15:49:25.33472507Z,2026-09-01T15:49:40.732793942Z,15398.068878,200,fa5bbaa12602c6803fc911cd560f3cd567585f7b4703499b433ac2343ab380c5,,false,miss
calibration-20260902-g,S1-100-r01,S1-100,request-089,d4745ce8b0076d85ef4bad6643512dad50425d8f61a49108664596ff785caf3e,20a265fc26ad,2026-09-01T15:49:25.334698016Z,2026-09-01T15:49:40.425370295Z,15090.672286,200,fa5bbaa12602c6803fc911cd560f3cd567585f7b4703499b433ac2343ab380c5,,false,miss
calibration-20260902-g,S1-100-r01,S1-100,request-090,d4745ce8b0076d85ef4bad6643512dad50425d8f61a49108664596ff785caf3e,20a265fc26ad,2026-09-01T15:49:25.334600147Z,2026-09-01T15:49:59.273416925Z,30596.795135,200,fa5bbaa12602c6803fc911cd560f3cd567585f7b4703499b433ac2343ab380c5,,false,miss
calibration-20260902-g,S1-100-r01,S1-100,request-091,d4745ce8b0076d85ef4bad6643512dad50425d8f61a49108664596ff785caf3e,20a265fc26ad,2026-09-01T15:49:25.334578454Z,2026-09-01T15:49:34.337652406Z,9003.073957,200,fa5bbaa12602c6803fc911cd560f3cd567585f7b4703499b433ac2343ab380c5,,false,miss
calibration-20260902-g,S1-100-r01,S1-100,request-092,d4745ce8b0076d85ef4bad6643512dad50425d8f61a49108664596ff785caf3e,20a265fc26ad,2026-09-01T15:49:25.334548937Z,2026-09-01T15:49:29.242994905Z,3908.445971,200,fa5bbaa12602c6803fc911cd560f3cd567585f7b4703499b433ac2343ab380c5,,false,miss
calibration-20260902-g,S1-100-r01,S1-100,request-093,d4745ce8b0076d85ef4bad6643512dad50425d8f61a49108664596ff785caf3e,20a265fc26ad,2026-09-01T15:49:25.334522832Z,2026-09-01T15:49:35.334176176Z,9999.653345,200,fa5bbaa12602c6803fc911cd560f3cd567585f7b4703499b433ac2343ab380c5,,false,miss
calibration-20260902-g,S1-100-r01,S1-100,request-094,d4745ce8b0076d85ef4bad6643512dad50425d8f61a49108664596ff785caf3e,20a265fc26ad,2026-09-01T15:49:25.334513723Z,2026-09-01T15:49:30.526596184Z,5192.082468,200,fa5bbaa12602c6803fc911cd560f3cd567585f7b4703499b433ac2343ab380c5,,false,miss
calibration-20260902-g,S1-100-r01,S1-100,request-095,d4745ce8b0076d85ef4bad6643512dad50425d8f61a49108664596ff785caf3e,20a265fc26ad,2026-09-01T15:49:25.334478659Z,2026-09-01T15:49:30.736160822Z,5401.682173,200,fa5bbaa12602c6803fc911cd560f3cd567585f7b4703499b433ac2343ab380c5,,false,miss
calibration-20260902-g,S1-100-r01,S1-100,request-096,d4745ce8b0076d85ef4bad6643512dad50425d8f61a49108664596ff785caf3e,20a265fc26ad,2026-09-01T15:49:25.334450699Z,2026-09-01T15:49:33.226033246Z,7891.582548,200,fa5bbaa12602c6803fc911cd560f3cd567585f7b4703499b433ac2343ab380c5,,false,miss
calibration-20260902-g,S1-100-r01,S1-100,request-097,d4745ce8b0076d85ef4bad6643512dad50425d8f61a49108664596ff785caf3e,20a265fc26ad,2026-09-01T15:49:25.334424763Z,2026-09-01T15:49:31.933325665Z,6598.900906,200,fa5bbaa12602c6803fc911cd560f3cd567585f7b4703499b433ac2343ab380c5,,false,miss
calibration-20260902-g,S1-100-r01,S1-100,request-098,d4745ce8b0076d85ef4bad6643512dad50425d8f61a49108664596ff785caf3e,20a265fc26ad,2026-09-01T15:49:25.334405974Z,2026-09-01T15:49:31.725540214Z,6391.134248,200,fa5bbaa12602c6803fc911cd560f3cd567585f7b4703499b433ac2343ab380c5,,false,miss
calibration-20260902-g,S1-100-r01,S1-100,request-099,d4745ce8b0076d85ef4bad6643512dad50425d8f61a49108664596ff785caf3e,20a265fc26ad,2026-09-01T15:49:25.334387059Z,2026-09-01T15:49:29.332074304Z,3997.687250,200,fa5bbaa12602c6803fc911cd560f3cd567585f7b4703499b433ac2343ab380c5,,false,miss
calibration-20260902-g,S1-100-r01,S1-100,request-100,d4745ce8b0076d85ef4bad6643512dad50425d8f61a49108664596ff785caf3e,20a265fc26ad,2026-09-01T15:49:25.355084698Z,2026-09-01T15:49:52.071167135Z,23374.060793,200,fa5bbaa12602c6803fc911cd560f3cd567585f7b4703499b433ac2343ab380c5,,false,miss
calibration-20260902-g,F1-r01,F1,request-001,d4745ce8b0076d85ef4bad6643512dad50425d8f61a49108664596ff785caf3e,20a265fc26ad,2026-09-01T15:50:00.37203612Z,2026-09-01T15:50:00.574600635Z,202.564514,500,,http_500,true,miss
calibration-20260902-g,F1-r01,F1,request-002,d4745ce8b0076d85ef4bad6643512dad50425d8f61a49108664596ff785caf3e,20a265fc26ad,2026-09-01T15:50:00.372020484Z,2026-09-01T15:50:00.574572128Z,202.551645,500,,http_500,true,miss
calibration-20260902-g,F1-r01,F1,request-003,d4745ce8b0076d85ef4bad6643512dad50425d8f61a49108664596ff785caf3e,20a265fc26ad,2026-09-01T15:50:00.372002703Z,2026-09-01T15:50:00.574596425Z,202.593722,500,,http_500,true,miss
calibration-20260902-g,F1-r01,F1,request-004,d4745ce8b0076d85ef4bad6643512dad50425d8f61a49108664596ff785caf3e,20a265fc26ad,2026-09-01T15:50:00.371972628Z,2026-09-01T15:50:00.574601683Z,202.629060,500,,http_500,true,miss
calibration-20260902-g,F1-r01,F1,request-005,d4745ce8b0076d85ef4bad6643512dad50425d8f61a49108664596ff785caf3e,20a265fc26ad,2026-09-01T15:50:00.371933395Z,2026-09-01T15:50:00.574590402Z,202.657001,500,,http_500,true,miss
calibration-20260902-g,F1-r01,F1,request-006,d4745ce8b0076d85ef4bad6643512dad50425d8f61a49108664596ff785caf3e,20a265fc26ad,2026-09-01T15:50:00.372081246Z,2026-09-01T15:50:00.574557111Z,202.475865,500,,http_500,false,miss
calibration-20260902-g,F1-r01,F1,request-007,d4745ce8b0076d85ef4bad6643512dad50425d8f61a49108664596ff785caf3e,20a265fc26ad,2026-09-01T15:50:00.372051618Z,2026-09-01T15:50:00.574581185Z,202.529566,500,,http_500,true,miss
calibration-20260902-g,F1-r01,F1,request-008,d4745ce8b0076d85ef4bad6643512dad50425d8f61a49108664596ff785caf3e,20a265fc26ad,2026-09-01T15:50:00.372031783Z,2026-09-01T15:50:00.574591657Z,202.559890,500,,http_500,true,miss
calibration-20260902-g,F1-r01,F1,request-009,d4745ce8b0076d85ef4bad6643512dad50425d8f61a49108664596ff785caf3e,20a265fc26ad,2026-09-01T15:50:00.372005583Z,2026-09-01T15:50:00.574574694Z,202.569112,500,,http_500,true,miss
calibration-20260902-g,F1-r01,F1,request-010,d4745ce8b0076d85ef4bad6643512dad50425d8f61a49108664596ff785caf3e,20a265fc26ad,2026-09-01T15:50:00.37184541Z,2026-09-01T15:50:00.574581631Z,202.736217,500,,http_500,true,miss
calibration-20260902-g,F1-r01,F1,recovery-001,d4745ce8b0076d85ef4bad6643512dad50425d8f61a49108664596ff785caf3e,20a265fc26ad,2026-09-01T15:50:00.574706681Z,2026-09-01T15:50:00.779880645Z,205.173965,200,389ecd3df03641adaf3931dcd784a722606c6dae8d165970c7dae02e90d0ff34,,false,miss
