mode,fault,stream,bucket_start_ms,trials,requests_mean,error_rate_mean,shed_rate_mean,affected_rate_mean,p99_mean_ms,max_mean_ms
baseline,none,hit,0.000,2,24.000,0.000000,0.000000,0.000000,36.040,46.569
baseline,none,hit,5000.000,2,25.000,0.000000,0.000000,0.000000,28.108,65.005
baseline,none,hit,10000.000,2,25.000,0.000000,0.000000,0.000000,29.326,29.483
baseline,none,hit,15000.000,2,25.000,0.000000,0.000000,0.000000,28.786,29.376
baseline,none,hit,20000.000,2,25.000,0.000000,0.000000,0.000000,27.988,40.959
baseline,none,hit,25000.000,2,25.000,0.000000,0.000000,0.000000,28.902,29.100
baseline,none,hit,30000.000,2,25.000,0.000000,0.000000,0.000000,29.343,40.261
baseline,none,hit,35000.000,2,25.000,0.000000,0.000000,0.000000,29.838,38.019
baseline,none,hit,40000.000,2,25.000,0.000000,0.000000,0.000000,30.367,36.305
baseline,none,hit,45000.000,2,25.000,0.000000,0.000000,0.000000,31.858,42.227
baseline,none,hit,50000.000,2,25.000,0.000000,0.000000,0.000000,30.188,40.790
baseline,none,hit,55000.000,2,25.000,0.000000,0.000000,0.000000,30.389,31.192
baseline,none,hit,60000.000,2,25.000,0.000000,0.000000,0.000000,28.427,35.370
baseline,none,hit,65000.000,2,25.000,0.000000,0.000000,0.000000,31.428,68.118
baseline,none,hit,70000.000,2,25.000,0.000000,0.000000,0.000000,30.078,30.952
baseline,none,hit,75000.000,2,25.000,0.000000,0.000000,0.000000,30.463,31.852
baseline,none,hit,80000.000,2,25.000,0.000000,0.000000,0.000000,29.275,84.344
baseline,none,hit,85000.000,2,25.000,0.000000,0.000000,0.000000,29.657,47.700
baseline,none,hit,90000.000,2,25.000,0.000000,0.000000,0.000000,35.122,39.347
baseline,none,hit,95000.000,2,25.000,0.000000,0.000000,0.000000,29.033,29.209
baseline,none,hit,100000.000,2,25.000,0.000000,0.000000,0.000000,36.133,36.907
baseline,none,hit,105000.000,2,25.000,0.000000,0.000000,0.000000,31.024,42.812
baseline,none,hit,110000.000,2,25.000,0.000000,0.000000,0.000000,27.901,28.389
baseline,none,hit,115000.000,2,25.000,0.000000,0.000000,0.000000,35.328,64.998
baseline,none,hit,120000.000,2,25.000,0.000000,0.000000,0.000000,29.554,34.590
baseline,none,hit,125000.000,2,25.000,0.000000,0.000000,0.000000,28.547,29.243
baseline,none,hit,130000.000,2,25.000,0.000000,0.000000,0.000000,32.005,34.496
baseline,none,hit,135000.000,2,25.000,0.000000,0.000000,0.000000,29.691,34.951
baseline,none,hit,140000.000,2,25.000,0.000000,0.000000,0.000000,29.093,41.671
baseline,none,hit,145000.000,2,25.000,0.000000,0.000000,0.000000,29.567,44.786
baseline,none,healthy-miss,0.000,0,0.000,0.000000,0.000000,0.000000,0.000,0.000
baseline,none,healthy-miss,5000.000,2,1.000,0.000000,0.000000,0.000000,2209.028,2209.028
baseline,none,healthy-miss,10000.000,2,1.000,0.000000,0.000000,0.000000,2212.240,2212.240
baseline,none,healthy-miss,15000.000,2,1.000,0.000000,0.000000,0.000000,2308.124,2308.124
baseline,none,healthy-miss,20000.000,2,1.000,0.000000,0.000000,0.000000,2188.476,2188.476
baseline,none,healthy-miss,25000.000,2,1.000,0.000000,0.000000,0.000000,2238.071,2238.071
baseline,none,healthy-miss,30000.000,2,1.000,0.000000,0.000000,0.000000,2140.407,2140.407
baseline,none,healthy-miss,35000.000,2,1.000,0.000000,0.000000,0.000000,2314.498,2314.498
baseline,none,healthy-miss,40000.000,2,1.000,0.000000,0.000000,0.000000,2192.453,2192.453
baseline,none,healthy-miss,45000.000,2,1.000,0.000000,0.000000,0.000000,2279.175,2279.175
baseline,none,healthy-miss,50000.000,2,1.000,0.000000,0.000000,0.000000,2248.258,2248.258
baseline,none,healthy-miss,55000.000,2,1.000,0.000000,0.000000,0.000000,2266.827,2266.827
baseline,none,healthy-miss,60000.000,2,1.000,0.000000,0.000000,0.000000,2270.383,2270.383
baseline,none,healthy-miss,65000.000,2,1.000,0.000000,0.000000,0.000000,2344.523,2344.523
baseline,none,healthy-miss,70000.000,2,1.000,0.000000,0.000000,0.000000,2206.719,2206.719
baseline,none,healthy-miss,75000.000,2,1.000,0.000000,0.000000,0.000000,2259.217,2259.217
baseline,none,healthy-miss,80000.000,2,1.000,0.000000,0.000000,0.000000,2249.526,2249.526
baseline,none,healthy-miss,85000.000,2,1.000,0.000000,0.000000,0.000000,2331.896,2331.896
baseline,none,healthy-miss,90000.000,2,1.000,0.000000,0.000000,0.000000,2192.292,2192.292
baseline,none,healthy-miss,95000.000,2,1.000,0.000000,0.000000,0.000000,2296.559,2296.559
baseline,none,healthy-miss,100000.000,2,1.000,0.000000,0.000000,0.000000,2369.533,2369.533
baseline,none,healthy-miss,105000.000,2,1.000,0.000000,0.000000,0.000000,2255.186,2255.186
baseline,none,healthy-miss,110000.000,2,1.000,0.000000,0.000000,0.000000,2287.302,2287.302
baseline,none,healthy-miss,115000.000,2,1.000,0.000000,0.000000,0.000000,2292.699,2292.699
baseline,none,healthy-miss,120000.000,2,1.000,0.000000,0.000000,0.000000,2223.516,2223.516
baseline,none,healthy-miss,125000.000,2,1.000,0.000000,0.000000,0.000000,2286.865,2286.865
baseline,none,healthy-miss,130000.000,2,1.000,0.000000,0.000000,0.000000,2360.945,2360.945
baseline,none,healthy-miss,135000.000,2,1.000,0.000000,0.000000,0.000000,2259.071,2259.071
baseline,none,healthy-miss,140000.000,2,1.000,0.000000,0.000000,0.000000,2215.311,2215.311
baseline,none,healthy-miss,145000.000,2,1.000,0.000000,0.000000,0.000000,2191.380,2191.380
baseline,none,poisoned-miss,0.000,2,1.000,0.000000,0.000000,0.000000,899.755,899.755
baseline,none,poisoned-miss,5000.000,2,2.000,0.000000,0.000000,0.000000,893.939,2256.972
baseline,none,poisoned-miss,10000.000,2,2.000,0.000000,0.000000,0.000000,888.420,2253.504
baseline,none,poisoned-miss,15000.000,2,2.000,0.000000,0.000000,0.000000,900.037,2296.354
baseline,none,poisoned-miss,20000.000,2,2.000,0.000000,0.000000,0.000000,876.497,2214.778
baseline,none,poisoned-miss,25000.000,2,2.000,0.000000,0.000000,0.000000,879.245,2262.255
baseline,none,poisoned-miss,30000.000,2,2.000,0.000000,0.000000,0.000000,880.506,2173.448
baseline,none,poisoned-miss,35000.000,2,2.000,0.000000,0.000000,0.000000,898.941,2294.220
baseline,none,poisoned-miss,40000.000,2,2.000,0.000000,0.000000,0.000000,885.651,2224.849
baseline,none,poisoned-miss,45000.000,2,2.000,0.000000,0.000000,0.000000,891.896,2312.448
baseline,none,poisoned-miss,50000.000,2,2.000,0.000000,0.000000,0.000000,889.803,2249.795
baseline,none,poisoned-miss,55000.000,2,2.000,0.000000,0.000000,0.000000,880.101,2237.527
baseline,none,poisoned-miss,60000.000,2,2.000,0.000000,0.000000,0.000000,880.362,2193.534
baseline,none,poisoned-miss,65000.000,2,2.000,0.000000,0.000000,0.000000,892.019,2282.824
baseline,none,poisoned-miss,70000.000,2,2.000,0.000000,0.000000,0.000000,888.925,2225.099
baseline,none,poisoned-miss,75000.000,2,2.000,0.000000,0.000000,0.000000,896.121,2308.195
baseline,none,poisoned-miss,80000.000,2,2.000,0.000000,0.000000,0.000000,882.368,2321.582
baseline,none,poisoned-miss,85000.000,2,2.000,0.000000,0.000000,0.000000,895.048,2355.062
baseline,none,poisoned-miss,90000.000,2,2.000,0.000000,0.000000,0.000000,889.239,2212.951
baseline,none,poisoned-miss,95000.000,2,2.000,0.000000,0.000000,0.000000,882.829,2292.985
baseline,none,poisoned-miss,100000.000,2,2.000,0.000000,0.000000,0.000000,890.404,2335.016
baseline,none,poisoned-miss,105000.000,2,2.000,0.000000,0.000000,0.000000,898.856,2272.046
baseline,none,poisoned-miss,110000.000,2,2.000,0.000000,0.000000,0.000000,891.011,2273.216
baseline,none,poisoned-miss,115000.000,2,2.000,0.000000,0.000000,0.000000,892.628,2283.195
baseline,none,poisoned-miss,120000.000,2,2.000,0.000000,0.000000,0.000000,885.424,2261.815
baseline,none,poisoned-miss,125000.000,2,2.000,0.000000,0.000000,0.000000,887.095,2327.861
baseline,none,poisoned-miss,130000.000,2,2.000,0.000000,0.000000,0.000000,887.896,2349.726
baseline,none,poisoned-miss,135000.000,2,2.000,0.000000,0.000000,0.000000,874.721,2215.305
baseline,none,poisoned-miss,140000.000,2,2.000,0.000000,0.000000,0.000000,897.732,2159.599
baseline,none,poisoned-miss,145000.000,2,2.000,0.000000,0.000000,0.000000,894.820,2218.001
bounded-wait,none,hit,0.000,2,24.000,0.000000,0.000000,0.000000,28.229,28.596
bounded-wait,none,hit,5000.000,2,25.000,0.000000,0.000000,0.000000,55.786,56.447
bounded-wait,none,hit,10000.000,2,25.000,0.000000,0.000000,0.000000,56.281,57.193
bounded-wait,none,hit,15000.000,2,25.000,0.000000,0.000000,0.000000,55.716,56.840
bounded-wait,none,hit,20000.000,2,25.000,0.000000,0.000000,0.000000,29.081,33.860
bounded-wait,none,hit,25000.000,2,25.000,0.000000,0.000000,0.000000,29.718,57.654
bounded-wait,none,hit,30000.000,2,25.000,0.000000,0.000000,0.000000,56.712,57.053
bounded-wait,none,hit,35000.000,2,25.000,0.000000,0.000000,0.000000,58.985,71.900
bounded-wait,none,hit,40000.000,2,25.000,0.000000,0.000000,0.000000,28.294,61.029
bounded-wait,none,hit,45000.000,2,25.000,0.000000,0.000000,0.000000,57.444,60.779
bounded-wait,none,hit,50000.000,2,25.000,0.000000,0.000000,0.000000,56.271,57.477
bounded-wait,none,hit,55000.000,2,25.000,0.000000,0.000000,0.000000,28.284,57.631
bounded-wait,none,hit,60000.000,2,25.000,0.000000,0.000000,0.000000,29.868,57.062
bounded-wait,none,hit,65000.000,2,25.000,0.000000,0.000000,0.000000,57.050,92.767
bounded-wait,none,hit,70000.000,2,25.000,0.000000,0.000000,0.000000,55.783,92.572
bounded-wait,none,hit,75000.000,2,25.000,0.000000,0.000000,0.000000,29.787,31.708
bounded-wait,none,hit,80000.000,2,25.000,0.000000,0.000000,0.000000,56.368,56.724
bounded-wait,none,hit,85000.000,2,25.000,0.000000,0.000000,0.000000,30.558,56.492
bounded-wait,none,hit,90000.000,2,25.000,0.000000,0.000000,0.000000,28.701,32.511
bounded-wait,none,hit,95000.000,2,25.000,0.000000,0.000000,0.000000,27.743,28.514
bounded-wait,none,hit,100000.000,2,25.000,0.000000,0.000000,0.000000,28.698,57.259
bounded-wait,none,hit,105000.000,2,25.000,0.000000,0.000000,0.000000,56.211,58.559
bounded-wait,none,hit,110000.000,2,25.000,0.000000,0.000000,0.000000,31.706,56.195
bounded-wait,none,hit,115000.000,2,25.000,0.000000,0.000000,0.000000,55.661,56.400
bounded-wait,none,hit,120000.000,2,25.000,0.000000,0.000000,0.000000,28.190,28.767
bounded-wait,none,hit,125000.000,2,25.000,0.000000,0.000000,0.000000,55.881,56.772
bounded-wait,none,hit,130000.000,2,25.000,0.000000,0.000000,0.000000,28.194,55.677
bounded-wait,none,hit,135000.000,2,25.000,0.000000,0.000000,0.000000,55.853,56.380
bounded-wait,none,hit,140000.000,2,25.000,0.000000,0.000000,0.000000,55.999,57.357
bounded-wait,none,hit,145000.000,2,25.000,0.000000,0.000000,0.000000,56.614,92.870
bounded-wait,none,healthy-miss,0.000,0,0.000,0.000000,0.000000,0.000000,0.000,0.000
bounded-wait,none,healthy-miss,5000.000,2,1.000,0.000000,0.000000,0.000000,2311.640,2311.640
bounded-wait,none,healthy-miss,10000.000,2,1.000,0.000000,0.000000,0.000000,2289.958,2289.958
bounded-wait,none,healthy-miss,15000.000,2,1.000,0.000000,0.000000,0.000000,2241.726,2241.726
bounded-wait,none,healthy-miss,20000.000,2,1.000,0.000000,0.000000,0.000000,2129.474,2129.474
bounded-wait,none,healthy-miss,25000.000,2,1.000,0.000000,0.000000,0.000000,2260.387,2260.387
bounded-wait,none,healthy-miss,30000.000,2,1.000,0.000000,0.000000,0.000000,2258.169,2258.169
bounded-wait,none,healthy-miss,35000.000,2,1.000,0.000000,0.000000,0.000000,2344.347,2344.347
bounded-wait,none,healthy-miss,40000.000,2,1.000,0.000000,0.000000,0.000000,2310.072,2310.072
bounded-wait,none,healthy-miss,45000.000,2,1.000,0.000000,0.000000,0.000000,2259.385,2259.385
bounded-wait,none,healthy-miss,50000.000,2,1.000,0.000000,0.000000,0.000000,2296.347,2296.347
bounded-wait,none,healthy-miss,55000.000,2,1.000,0.000000,0.000000,0.000000,2134.193,2134.193
bounded-wait,none,healthy-miss,60000.000,2,1.000,0.000000,0.000000,0.000000,2245.951,2245.951
bounded-wait,none,healthy-miss,65000.000,2,1.000,0.000000,0.000000,0.000000,2078.664,2078.664
bounded-wait,none,healthy-miss,70000.000,2,1.000,0.000000,0.000000,0.000000,2276.311,2276.311
bounded-wait,none,healthy-miss,75000.000,2,1.000,0.000000,0.000000,0.000000,2273.193,2273.193
bounded-wait,none,healthy-miss,80000.000,2,1.000,0.000000,0.000000,0.000000,2226.399,2226.399
bounded-wait,none,healthy-miss,85000.000,2,1.000,0.000000,0.000000,0.000000,2301.733,2301.733
bounded-wait,none,healthy-miss,90000.000,2,1.000,0.000000,0.000000,0.000000,2102.639,2102.639
bounded-wait,none,healthy-miss,95000.000,2,1.000,0.000000,0.000000,0.000000,2219.970,2219.970
bounded-wait,none,healthy-miss,100000.000,2,1.000,0.000000,0.000000,0.000000,2208.722,2208.722
bounded-wait,none,healthy-miss,105000.000,2,1.000,0.000000,0.000000,0.000000,2189.126,2189.126
bounded-wait,none,healthy-miss,110000.000,2,1.000,0.000000,0.000000,0.000000,2315.784,2315.784
bounded-wait,none,healthy-miss,115000.000,2,1.000,0.000000,0.000000,0.000000,2268.295,2268.295
bounded-wait,none,healthy-miss,120000.000,2,1.000,0.000000,0.000000,0.000000,2288.454,2288.454
bounded-wait,none,healthy-miss,125000.000,2,1.000,0.000000,0.000000,0.000000,2103.253,2103.253
bounded-wait,none,healthy-miss,130000.000,2,1.000,0.000000,0.000000,0.000000,2209.550,2209.550
bounded-wait,none,healthy-miss,135000.000,2,1.000,0.000000,0.000000,0.000000,2216.914,2216.914
bounded-wait,none,healthy-miss,140000.000,2,1.000,0.000000,0.000000,0.000000,2150.775,2150.775
bounded-wait,none,healthy-miss,145000.000,2,1.000,0.000000,0.000000,0.000000,2199.597,2199.597
bounded-wait,none,poisoned-miss,0.000,2,1.000,0.000000,0.000000,0.000000,897.969,897.969
bounded-wait,none,poisoned-miss,5000.000,2,2.000,0.000000,0.000000,0.000000,910.495,2290.680
bounded-wait,none,poisoned-miss,10000.000,2,2.000,0.000000,0.000000,0.000000,911.946,2293.312
bounded-wait,none,poisoned-miss,15000.000,2,2.000,0.000000,0.000000,0.000000,907.429,2266.945
bounded-wait,none,poisoned-miss,20000.000,2,2.000,0.000000,0.000000,0.000000,900.697,2193.810
bounded-wait,none,poisoned-miss,25000.000,2,2.000,0.000000,0.000000,0.000000,900.017,2230.462
bounded-wait,none,poisoned-miss,30000.000,2,2.000,0.000000,0.000000,0.000000,908.188,2227.251
bounded-wait,none,poisoned-miss,35000.000,2,2.000,0.000000,0.000000,0.000000,898.226,2333.454
bounded-wait,none,poisoned-miss,40000.000,2,2.000,0.000000,0.000000,0.000000,887.947,2316.454
bounded-wait,none,poisoned-miss,45000.000,2,2.000,0.000000,0.000000,0.000000,900.884,2270.604
bounded-wait,none,poisoned-miss,50000.000,2,2.000,0.000000,0.000000,0.000000,886.199,2295.497
bounded-wait,none,poisoned-miss,55000.000,2,2.000,0.000000,0.000000,0.000000,895.699,2203.843
bounded-wait,none,poisoned-miss,60000.000,2,2.000,0.000000,0.000000,0.000000,888.884,2257.693
bounded-wait,none,poisoned-miss,65000.000,2,2.000,0.000000,0.000000,0.000000,909.090,2112.836
bounded-wait,none,poisoned-miss,70000.000,2,2.000,0.000000,0.000000,0.000000,904.142,2310.642
bounded-wait,none,poisoned-miss,75000.000,2,2.000,0.000000,0.000000,0.000000,902.391,2330.985
bounded-wait,none,poisoned-miss,80000.000,2,2.000,0.000000,0.000000,0.000000,897.724,2203.194
bounded-wait,none,poisoned-miss,85000.000,2,2.000,0.000000,0.000000,0.000000,894.999,2297.980
bounded-wait,none,poisoned-miss,90000.000,2,2.000,0.000000,0.000000,0.000000,871.543,2157.462
bounded-wait,none,poisoned-miss,95000.000,2,2.000,0.000000,0.000000,0.000000,882.982,2176.578
bounded-wait,none,poisoned-miss,100000.000,2,2.000,0.000000,0.000000,0.000000,888.212,2221.565
bounded-wait,none,poisoned-miss,105000.000,2,2.000,0.000000,0.000000,0.000000,896.215,2204.887
bounded-wait,none,poisoned-miss,110000.000,2,2.000,0.000000,0.000000,0.000000,904.470,2279.043
bounded-wait,none,poisoned-miss,115000.000,2,2.000,0.000000,0.000000,0.000000,885.297,2263.168
bounded-wait,none,poisoned-miss,120000.000,2,2.000,0.000000,0.000000,0.000000,896.936,2241.171
bounded-wait,none,poisoned-miss,125000.000,2,2.000,0.000000,0.000000,0.000000,888.838,2148.454
bounded-wait,none,poisoned-miss,130000.000,2,2.000,0.000000,0.000000,0.000000,908.221,2236.981
bounded-wait,none,poisoned-miss,135000.000,2,2.000,0.000000,0.000000,0.000000,888.717,2223.945
bounded-wait,none,poisoned-miss,140000.000,2,2.000,0.000000,0.000000,0.000000,900.301,2202.785
bounded-wait,none,poisoned-miss,145000.000,2,2.000,0.000000,0.000000,0.000000,886.941,2193.276
kill-switch,none,hit,0.000,2,24.000,0.000000,0.000000,0.000000,29.271,29.644
kill-switch,none,hit,5000.000,2,25.000,0.000000,0.000000,0.000000,65.399,65.474
kill-switch,none,hit,10000.000,2,25.000,0.000000,0.000000,0.000000,65.528,66.667
kill-switch,none,hit,15000.000,2,25.000,0.000000,0.000000,0.000000,65.462,65.495
kill-switch,none,hit,20000.000,2,25.000,0.000000,0.000000,0.000000,65.589,65.645
kill-switch,none,hit,25000.000,2,25.000,0.000000,0.000000,0.000000,65.381,65.502
kill-switch,none,hit,30000.000,2,25.000,0.000000,0.000000,0.000000,65.400,65.495
kill-switch,none,hit,35000.000,2,25.000,0.000000,0.000000,0.000000,65.393,65.639
kill-switch,none,hit,40000.000,2,25.000,0.000000,0.000000,0.000000,65.472,65.491
kill-switch,none,hit,45000.000,2,25.000,0.000000,0.000000,0.000000,65.545,65.703
kill-switch,none,hit,50000.000,2,25.000,0.000000,0.000000,0.000000,65.411,66.941
kill-switch,none,hit,55000.000,2,25.000,0.000000,0.000000,0.000000,65.406,65.465
kill-switch,none,hit,60000.000,2,25.000,0.000000,0.000000,0.000000,65.430,65.442
kill-switch,none,hit,65000.000,2,25.000,0.000000,0.000000,0.000000,65.435,65.549
kill-switch,none,hit,70000.000,2,25.000,0.000000,0.000000,0.000000,65.542,65.931
kill-switch,none,hit,75000.000,2,25.000,0.000000,0.000000,0.000000,65.538,65.881
kill-switch,none,hit,80000.000,2,25.000,0.000000,0.000000,0.000000,65.546,65.858
kill-switch,none,hit,85000.000,2,25.000,0.000000,0.000000,0.000000,66.080,70.768
kill-switch,none,hit,90000.000,2,25.000,0.000000,0.000000,0.000000,65.251,65.294
kill-switch,none,hit,95000.000,2,25.000,0.000000,0.000000,0.000000,65.582,65.626
kill-switch,none,hit,100000.000,2,25.000,0.000000,0.000000,0.000000,65.441,66.279
kill-switch,none,hit,105000.000,2,25.000,0.000000,0.000000,0.000000,65.664,75.008
kill-switch,none,hit,110000.000,2,25.000,0.000000,0.000000,0.000000,65.402,65.477
kill-switch,none,hit,115000.000,2,25.000,0.000000,0.000000,0.000000,65.463,65.557
kill-switch,none,hit,120000.000,2,25.000,0.000000,0.000000,0.000000,65.452,65.572
kill-switch,none,hit,125000.000,2,25.000,0.000000,0.000000,0.000000,65.430,65.499
kill-switch,none,hit,130000.000,2,25.000,0.000000,0.000000,0.000000,65.317,65.490
kill-switch,none,hit,135000.000,2,25.000,0.000000,0.000000,0.000000,65.487,65.508
kill-switch,none,hit,140000.000,2,25.000,0.000000,0.000000,0.000000,65.676,66.608
kill-switch,none,hit,145000.000,2,25.000,0.000000,0.000000,0.000000,65.460,65.523
kill-switch,none,healthy-miss,0.000,0,0.000,0.000000,0.000000,0.000000,0.000,0.000
kill-switch,none,healthy-miss,5000.000,2,1.000,0.000000,0.000000,0.000000,2337.906,2337.906
kill-switch,none,healthy-miss,10000.000,2,1.000,0.000000,0.000000,0.000000,2259.745,2259.745
kill-switch,none,healthy-miss,15000.000,2,1.000,0.000000,0.000000,0.000000,2260.276,2260.276
kill-switch,none,healthy-miss,20000.000,2,1.000,0.000000,0.000000,0.000000,2232.463,2232.463
kill-switch,none,healthy-miss,25000.000,2,1.000,0.000000,0.000000,0.000000,2260.158,2260.158
kill-switch,none,healthy-miss,30000.000,2,1.000,0.000000,0.000000,0.000000,2263.452,2263.452
kill-switch,none,healthy-miss,35000.000,2,1.000,0.000000,0.000000,0.000000,2245.610,2245.610
kill-switch,none,healthy-miss,40000.000,2,1.000,0.000000,0.000000,0.000000,2290.867,2290.867
kill-switch,none,healthy-miss,45000.000,2,1.000,0.000000,0.000000,0.000000,2288.038,2288.038
kill-switch,none,healthy-miss,50000.000,2,1.000,0.000000,0.000000,0.000000,2227.306,2227.306
kill-switch,none,healthy-miss,55000.000,2,1.000,0.000000,0.000000,0.000000,2204.687,2204.687
kill-switch,none,healthy-miss,60000.000,2,1.000,0.000000,0.000000,0.000000,2271.097,2271.097
kill-switch,none,healthy-miss,65000.000,2,1.000,0.000000,0.000000,0.000000,2320.390,2320.390
kill-switch,none,healthy-miss,70000.000,2,1.000,0.000000,0.000000,0.000000,2251.823,2251.823
kill-switch,none,healthy-miss,75000.000,2,1.000,0.000000,0.000000,0.000000,2251.575,2251.575
kill-switch,none,healthy-miss,80000.000,2,1.000,0.000000,0.000000,0.000000,2314.659,2314.659
kill-switch,none,healthy-miss,85000.000,2,1.000,0.000000,0.000000,0.000000,2281.845,2281.845
kill-switch,none,healthy-miss,90000.000,2,1.000,0.000000,0.000000,0.000000,2179.499,2179.499
kill-switch,none,healthy-miss,95000.000,2,1.000,0.000000,0.000000,0.000000,2266.093,2266.093
kill-switch,none,healthy-miss,100000.000,2,1.000,0.000000,0.000000,0.000000,2247.570,2247.570
kill-switch,none,healthy-miss,105000.000,2,1.000,0.000000,0.000000,0.000000,2266.560,2266.560
kill-switch,none,healthy-miss,110000.000,2,1.000,0.000000,0.000000,0.000000,2274.108,2274.108
kill-switch,none,healthy-miss,115000.000,2,1.000,0.000000,0.000000,0.000000,2292.565,2292.565
kill-switch,none,healthy-miss,120000.000,2,1.000,0.000000,0.000000,0.000000,2107.472,2107.472
kill-switch,none,healthy-miss,125000.000,2,1.000,0.000000,0.000000,0.000000,2313.896,2313.896
kill-switch,none,healthy-miss,130000.000,2,1.000,0.000000,0.000000,0.000000,2286.409,2286.409
kill-switch,none,healthy-miss,135000.000,2,1.000,0.000000,0.000000,0.000000,2268.354,2268.354
kill-switch,none,healthy-miss,140000.000,2,1.000,0.000000,0.000000,0.000000,2148.636,2148.636
kill-switch,none,healthy-miss,145000.000,2,1.000,0.000000,0.000000,0.000000,2289.233,2289.233
kill-switch,none,poisoned-miss,0.000,2,1.000,0.000000,0.000000,0.000000,897.031,897.031
kill-switch,none,poisoned-miss,5000.000,2,2.000,0.000000,0.000000,0.000000,904.171,2304.137
kill-switch,none,poisoned-miss,10000.000,2,2.000,0.000000,0.000000,0.000000,888.102,2232.187
kill-switch,none,poisoned-miss,15000.000,2,2.000,0.000000,0.000000,0.000000,879.500,2275.227
kill-switch,none,poisoned-miss,20000.000,2,2.000,0.000000,0.000000,0.000000,889.339,2249.445
kill-switch,none,poisoned-miss,25000.000,2,2.000,0.000000,0.000000,0.000000,897.583,2289.891
kill-switch,none,poisoned-miss,30000.000,2,2.000,0.000000,0.000000,0.000000,882.718,2277.284
kill-switch,none,poisoned-miss,35000.000,2,2.000,0.000000,0.000000,0.000000,889.351,2237.729
kill-switch,none,poisoned-miss,40000.000,2,2.000,0.000000,0.000000,0.000000,882.048,2323.663
kill-switch,none,poisoned-miss,45000.000,2,2.000,0.000000,0.000000,0.000000,905.720,2274.418
kill-switch,none,poisoned-miss,50000.000,2,2.000,0.000000,0.000000,0.000000,877.213,2225.072
kill-switch,none,poisoned-miss,55000.000,2,2.000,0.000000,0.000000,0.000000,889.377,2224.024
kill-switch,none,poisoned-miss,60000.000,2,2.000,0.000000,0.000000,0.000000,878.243,2273.015
kill-switch,none,poisoned-miss,65000.000,2,2.000,0.000000,0.000000,0.000000,884.532,2310.095
kill-switch,none,poisoned-miss,70000.000,2,2.000,0.000000,0.000000,0.000000,897.166,2291.923
kill-switch,none,poisoned-miss,75000.000,2,2.000,0.000000,0.000000,0.000000,881.740,2182.083
kill-switch,none,poisoned-miss,80000.000,2,2.000,0.000000,0.000000,0.000000,894.205,2314.873
kill-switch,none,poisoned-miss,85000.000,2,2.000,0.000000,0.000000,0.000000,921.186,2243.824
kill-switch,none,poisoned-miss,90000.000,2,2.000,0.000000,0.000000,0.000000,894.205,2214.038
kill-switch,none,poisoned-miss,95000.000,2,2.000,0.000000,0.000000,0.000000,878.293,2268.926
kill-switch,none,poisoned-miss,100000.000,2,2.000,0.000000,0.000000,0.000000,896.060,2257.374
kill-switch,none,poisoned-miss,105000.000,2,2.000,0.000000,0.000000,0.000000,874.999,2282.968
kill-switch,none,poisoned-miss,110000.000,2,2.000,0.000000,0.000000,0.000000,890.932,2282.936
kill-switch,none,poisoned-miss,115000.000,2,2.000,0.000000,0.000000,0.000000,881.752,2316.320
kill-switch,none,poisoned-miss,120000.000,2,2.000,0.000000,0.000000,0.000000,881.830,2119.256
kill-switch,none,poisoned-miss,125000.000,2,2.000,0.000000,0.000000,0.000000,891.861,2314.498
kill-switch,none,poisoned-miss,130000.000,2,2.000,0.000000,0.000000,0.000000,884.300,2275.042
kill-switch,none,poisoned-miss,135000.000,2,2.000,0.000000,0.000000,0.000000,897.574,2212.465
kill-switch,none,poisoned-miss,140000.000,2,2.000,0.000000,0.000000,0.000000,895.102,2143.205
kill-switch,none,poisoned-miss,145000.000,2,2.000,0.000000,0.000000,0.000000,881.337,2341.136
baseline,transform-timeout,hit,0.000,2,24.000,0.000000,0.000000,0.000000,36.922,45.333
baseline,transform-timeout,hit,5000.000,2,25.000,0.000000,0.000000,0.000000,30.259,42.381
baseline,transform-timeout,hit,10000.000,2,25.000,0.000000,0.000000,0.000000,28.143,57.403
baseline,transform-timeout,hit,15000.000,2,25.000,0.000000,0.000000,0.000000,28.688,43.171
baseline,transform-timeout,hit,20000.000,2,25.000,0.000000,0.000000,0.000000,28.887,58.808
baseline,transform-timeout,hit,25000.000,2,25.000,0.000000,0.000000,0.000000,29.138,40.283
baseline,transform-timeout,hit,30000.000,2,25.000,0.000000,0.000000,0.000000,28.919,40.666
baseline,transform-timeout,hit,35000.000,2,25.000,0.000000,0.000000,0.000000,31.136,36.716
baseline,transform-timeout,hit,40000.000,2,25.000,0.000000,0.000000,0.000000,28.306,42.474
baseline,transform-timeout,hit,45000.000,2,25.000,0.000000,0.000000,0.000000,27.865,31.009
baseline,transform-timeout,hit,50000.000,2,25.000,0.000000,0.000000,0.000000,28.635,28.809
baseline,transform-timeout,hit,55000.000,2,25.000,0.000000,0.000000,0.000000,27.976,31.521
baseline,transform-timeout,hit,60000.000,2,25.000,0.000000,0.000000,0.000000,28.902,35.001
baseline,transform-timeout,hit,65000.000,2,25.000,0.000000,0.000000,0.000000,28.120,37.263
baseline,transform-timeout,hit,70000.000,2,25.000,0.000000,0.000000,0.000000,29.218,41.240
baseline,transform-timeout,hit,75000.000,2,25.000,0.000000,0.000000,0.000000,27.787,39.516
baseline,transform-timeout,hit,80000.000,2,25.000,0.000000,0.000000,0.000000,29.524,41.341
baseline,transform-timeout,hit,85000.000,2,25.000,0.000000,0.000000,0.000000,28.407,29.224
baseline,transform-timeout,hit,90000.000,2,25.000,0.000000,0.000000,0.000000,28.765,29.052
baseline,transform-timeout,hit,95000.000,2,25.000,0.000000,0.000000,0.000000,28.525,64.105
baseline,transform-timeout,hit,100000.000,2,25.000,0.000000,0.000000,0.000000,62.632,90.211
baseline,transform-timeout,hit,105000.000,2,25.000,0.000000,0.000000,0.000000,29.610,30.169
baseline,transform-timeout,hit,110000.000,2,25.000,0.000000,0.000000,0.000000,28.562,58.280
baseline,transform-timeout,hit,115000.000,2,25.000,0.000000,0.000000,0.000000,29.072,58.698
baseline,transform-timeout,hit,120000.000,2,25.000,0.000000,0.000000,0.000000,29.332,60.864
baseline,transform-timeout,hit,125000.000,2,25.000,0.000000,0.000000,0.000000,29.117,29.315
baseline,transform-timeout,hit,130000.000,2,25.000,0.000000,0.000000,0.000000,28.881,58.008
baseline,transform-timeout,hit,135000.000,2,25.000,0.000000,0.000000,0.000000,28.911,58.969
baseline,transform-timeout,hit,140000.000,2,25.000,0.000000,0.000000,0.000000,28.648,58.684
baseline,transform-timeout,hit,145000.000,2,25.000,0.000000,0.000000,0.000000,57.685,62.796
baseline,transform-timeout,healthy-miss,0.000,0,0.000,0.000000,0.000000,0.000000,0.000,0.000
baseline,transform-timeout,healthy-miss,5000.000,2,1.000,0.000000,0.000000,0.000000,2216.521,2216.521
baseline,transform-timeout,healthy-miss,10000.000,2,1.000,0.000000,0.000000,0.000000,2198.097,2198.097
baseline,transform-timeout,healthy-miss,15000.000,2,1.000,0.000000,0.000000,0.000000,2176.939,2176.939
baseline,transform-timeout,healthy-miss,20000.000,2,1.000,0.000000,0.000000,0.000000,2341.672,2341.672
baseline,transform-timeout,healthy-miss,25000.000,2,1.000,0.000000,0.000000,0.000000,2169.269,2169.269
baseline,transform-timeout,healthy-miss,30000.000,2,1.000,0.000000,0.000000,0.000000,906.690,906.690
baseline,transform-timeout,healthy-miss,35000.000,2,1.000,0.000000,0.000000,0.000000,909.670,909.670
baseline,transform-timeout,healthy-miss,40000.000,2,1.000,0.000000,0.000000,1.000000,12102.351,12102.351
baseline,transform-timeout,healthy-miss,45000.000,2,1.000,0.000000,0.000000,1.000000,10866.666,10866.666
baseline,transform-timeout,healthy-miss,50000.000,2,1.000,0.000000,0.000000,1.000000,13350.833,13350.833
baseline,transform-timeout,healthy-miss,55000.000,2,1.000,0.000000,0.000000,1.000000,12112.808,12112.808
baseline,transform-timeout,healthy-miss,60000.000,2,1.000,0.000000,0.000000,1.000000,10864.614,10864.614
baseline,transform-timeout,healthy-miss,65000.000,2,1.000,0.000000,0.000000,1.000000,10850.166,10850.166
baseline,transform-timeout,healthy-miss,70000.000,2,1.000,0.000000,0.000000,1.000000,12099.620,12099.620
baseline,transform-timeout,healthy-miss,75000.000,2,1.000,0.000000,0.000000,1.000000,12096.246,12096.246
baseline,transform-timeout,healthy-miss,80000.000,2,1.000,0.000000,0.000000,1.000000,11689.004,11689.004
baseline,transform-timeout,healthy-miss,85000.000,2,1.000,0.000000,0.000000,1.000000,9718.046,9718.046
baseline,transform-timeout,healthy-miss,90000.000,2,1.000,0.000000,0.000000,1.000000,8688.216,8688.216
baseline,transform-timeout,healthy-miss,95000.000,2,1.000,0.000000,0.000000,1.000000,7588.077,7588.077
baseline,transform-timeout,healthy-miss,100000.000,2,1.000,0.000000,0.000000,0.000000,6237.420,6237.420
baseline,transform-timeout,healthy-miss,105000.000,2,1.000,0.000000,0.000000,0.000000,2853.860,2853.860
baseline,transform-timeout,healthy-miss,110000.000,2,1.000,0.000000,0.000000,0.000000,2228.426,2228.426
baseline,transform-timeout,healthy-miss,115000.000,2,1.000,0.000000,0.000000,0.000000,2219.341,2219.341
baseline,transform-timeout,healthy-miss,120000.000,2,1.000,0.000000,0.000000,0.000000,2306.665,2306.665
baseline,transform-timeout,healthy-miss,125000.000,2,1.000,0.000000,0.000000,0.000000,2336.004,2336.004
baseline,transform-timeout,healthy-miss,130000.000,2,1.000,0.000000,0.000000,0.000000,2170.414,2170.414
baseline,transform-timeout,healthy-miss,135000.000,2,1.000,0.000000,0.000000,0.000000,2338.856,2338.856
baseline,transform-timeout,healthy-miss,140000.000,2,1.000,0.000000,0.000000,0.000000,2293.015,2293.015
baseline,transform-timeout,healthy-miss,145000.000,2,1.000,0.000000,0.000000,0.000000,2292.959,2292.959
baseline,transform-timeout,poisoned-miss,0.000,2,1.000,0.000000,0.000000,0.000000,903.521,903.521
baseline,transform-timeout,poisoned-miss,5000.000,2,2.000,0.000000,0.000000,0.000000,908.212,2260.952
baseline,transform-timeout,poisoned-miss,10000.000,2,2.000,0.000000,0.000000,0.000000,899.604,2250.007
baseline,transform-timeout,poisoned-miss,15000.000,2,2.000,0.000000,0.000000,0.000000,888.486,2188.677
baseline,transform-timeout,poisoned-miss,20000.000,2,2.000,0.000000,0.000000,0.000000,898.698,2353.593
baseline,transform-timeout,poisoned-miss,25000.000,2,2.000,0.000000,0.000000,0.000000,912.412,2147.512
baseline,transform-timeout,poisoned-miss,30000.000,2,2.000,1.000000,0.000000,1.000000,20012.601,20013.910
baseline,transform-timeout,poisoned-miss,35000.000,2,2.000,1.000000,0.000000,1.000000,20012.270,20013.503
baseline,transform-timeout,poisoned-miss,40000.000,2,2.000,1.000000,0.000000,1.000000,20012.717,20015.097
baseline,transform-timeout,poisoned-miss,45000.000,2,2.000,1.000000,0.000000,1.000000,20012.181,20012.465
baseline,transform-timeout,poisoned-miss,50000.000,2,2.000,1.000000,0.000000,1.000000,20013.040,20013.945
baseline,transform-timeout,poisoned-miss,55000.000,2,2.000,1.000000,0.000000,1.000000,20011.403,20014.213
baseline,transform-timeout,poisoned-miss,60000.000,2,2.000,1.000000,0.000000,1.000000,20011.444,20014.003
baseline,transform-timeout,poisoned-miss,65000.000,2,2.000,1.000000,0.000000,1.000000,20012.946,20014.129
baseline,transform-timeout,poisoned-miss,70000.000,2,2.000,1.000000,0.000000,1.000000,20013.548,20019.159
baseline,transform-timeout,poisoned-miss,75000.000,2,2.000,1.000000,0.000000,1.000000,20011.960,20022.125
baseline,transform-timeout,poisoned-miss,80000.000,2,2.000,0.000000,0.000000,0.000000,10005.297,10863.924
baseline,transform-timeout,poisoned-miss,85000.000,2,2.000,0.000000,0.000000,0.000000,9738.771,10408.853
baseline,transform-timeout,poisoned-miss,90000.000,2,2.000,0.000000,0.000000,0.000000,7757.744,9038.104
baseline,transform-timeout,poisoned-miss,95000.000,2,2.000,0.000000,0.000000,0.000000,5755.306,7353.273
baseline,transform-timeout,poisoned-miss,100000.000,2,2.000,0.000000,0.000000,0.000000,4056.787,5337.787
baseline,transform-timeout,poisoned-miss,105000.000,2,2.000,0.000000,0.000000,0.000000,1347.038,3224.212
baseline,transform-timeout,poisoned-miss,110000.000,2,2.000,0.000000,0.000000,0.000000,913.165,2224.356
baseline,transform-timeout,poisoned-miss,115000.000,2,2.000,0.000000,0.000000,0.000000,918.803,2336.250
baseline,transform-timeout,poisoned-miss,120000.000,2,2.000,0.000000,0.000000,0.000000,896.384,2343.910
baseline,transform-timeout,poisoned-miss,125000.000,2,2.000,0.000000,0.000000,0.000000,907.330,2354.506
baseline,transform-timeout,poisoned-miss,130000.000,2,2.000,0.000000,0.000000,0.000000,899.298,2188.981
baseline,transform-timeout,poisoned-miss,135000.000,2,2.000,0.000000,0.000000,0.000000,916.269,2359.271
baseline,transform-timeout,poisoned-miss,140000.000,2,2.000,0.000000,0.000000,0.000000,926.051,2204.485
baseline,transform-timeout,poisoned-miss,145000.000,2,2.000,0.000000,0.000000,0.000000,911.180,2304.296
bounded-wait,transform-timeout,hit,0.000,2,24.000,0.000000,0.000000,0.000000,29.410,37.812
bounded-wait,transform-timeout,hit,5000.000,2,25.000,0.000000,0.000000,0.000000,72.733,73.920
bounded-wait,transform-timeout,hit,10000.000,2,25.000,0.000000,0.000000,0.000000,62.392,62.535
bounded-wait,transform-timeout,hit,15000.000,2,25.000,0.000000,0.000000,0.000000,51.647,62.397
bounded-wait,transform-timeout,hit,20000.000,2,25.000,0.000000,0.000000,0.000000,62.098,62.408
bounded-wait,transform-timeout,hit,25000.000,2,25.000,0.000000,0.000000,0.000000,62.366,62.714
bounded-wait,transform-timeout,hit,30000.000,2,25.000,0.000000,0.000000,0.000000,28.899,29.310
bounded-wait,transform-timeout,hit,35000.000,2,25.000,0.000000,0.000000,0.000000,28.736,29.681
bounded-wait,transform-timeout,hit,40000.000,2,25.000,0.000000,0.000000,0.000000,36.550,51.380
bounded-wait,transform-timeout,hit,45000.000,2,25.000,0.000000,0.000000,0.000000,31.518,40.342
bounded-wait,transform-timeout,hit,50000.000,2,25.000,0.000000,0.000000,0.000000,30.780,42.453
bounded-wait,transform-timeout,hit,55000.000,2,25.000,0.000000,0.000000,0.000000,30.181,50.644
bounded-wait,transform-timeout,hit,60000.000,2,25.000,0.000000,0.000000,0.000000,27.989,29.239
bounded-wait,transform-timeout,hit,65000.000,2,25.000,0.000000,0.000000,0.000000,31.456,31.950
bounded-wait,transform-timeout,hit,70000.000,2,25.000,0.000000,0.000000,0.000000,28.705,40.132
bounded-wait,transform-timeout,hit,75000.000,2,25.000,0.000000,0.000000,0.000000,28.245,29.677
bounded-wait,transform-timeout,hit,80000.000,2,25.000,0.000000,0.000000,0.000000,32.227,32.840
bounded-wait,transform-timeout,hit,85000.000,2,25.000,0.000000,0.000000,0.000000,27.934,36.616
bounded-wait,transform-timeout,hit,90000.000,2,25.000,0.000000,0.000000,0.000000,40.477,48.502
bounded-wait,transform-timeout,hit,95000.000,2,25.000,0.000000,0.000000,0.000000,62.266,64.496
bounded-wait,transform-timeout,hit,100000.000,2,25.000,0.000000,0.000000,0.000000,74.468,75.435
bounded-wait,transform-timeout,hit,105000.000,2,25.000,0.000000,0.000000,0.000000,62.386,112.320
bounded-wait,transform-timeout,hit,110000.000,2,25.000,0.000000,0.000000,0.000000,62.156,62.202
bounded-wait,transform-timeout,hit,115000.000,2,25.000,0.000000,0.000000,0.000000,50.288,62.350
bounded-wait,transform-timeout,hit,120000.000,2,25.000,0.000000,0.000000,0.000000,62.418,62.511
bounded-wait,transform-timeout,hit,125000.000,2,25.000,0.000000,0.000000,0.000000,62.337,63.071
bounded-wait,transform-timeout,hit,130000.000,2,25.000,0.000000,0.000000,0.000000,62.382,62.505
bounded-wait,transform-timeout,hit,135000.000,2,25.000,0.000000,0.000000,0.000000,62.497,74.772
bounded-wait,transform-timeout,hit,140000.000,2,25.000,0.000000,0.000000,0.000000,62.483,76.661
bounded-wait,transform-timeout,hit,145000.000,2,25.000,0.000000,0.000000,0.000000,62.386,62.713
bounded-wait,transform-timeout,healthy-miss,0.000,0,0.000,0.000000,0.000000,0.000000,0.000,0.000
bounded-wait,transform-timeout,healthy-miss,5000.000,2,1.000,0.000000,0.000000,0.000000,2330.370,2330.370
bounded-wait,transform-timeout,healthy-miss,10000.000,2,1.000,0.000000,0.000000,0.000000,2338.298,2338.298
bounded-wait,transform-timeout,healthy-miss,15000.000,2,1.000,0.000000,0.000000,0.000000,2211.825,2211.825
bounded-wait,transform-timeout,healthy-miss,20000.000,2,1.000,0.000000,0.000000,0.000000,2347.889,2347.889
bounded-wait,transform-timeout,healthy-miss,25000.000,2,1.000,0.000000,0.000000,0.000000,2273.645,2273.645
bounded-wait,transform-timeout,healthy-miss,30000.000,2,1.000,0.000000,0.000000,0.000000,922.627,922.627
bounded-wait,transform-timeout,healthy-miss,35000.000,2,1.000,0.000000,0.000000,0.000000,901.657,901.657
bounded-wait,transform-timeout,healthy-miss,40000.000,2,1.000,1.000000,1.000000,1.000000,2033.661,2033.661
bounded-wait,transform-timeout,healthy-miss,45000.000,2,1.000,1.000000,1.000000,1.000000,2021.320,2021.320
bounded-wait,transform-timeout,healthy-miss,50000.000,2,1.000,1.000000,1.000000,1.000000,2043.695,2043.695
bounded-wait,transform-timeout,healthy-miss,55000.000,2,1.000,0.000000,0.000000,0.000000,906.815,906.815
bounded-wait,transform-timeout,healthy-miss,60000.000,2,1.000,1.000000,1.000000,1.000000,2036.563,2036.563
bounded-wait,transform-timeout,healthy-miss,65000.000,2,1.000,1.000000,1.000000,1.000000,2022.340,2022.340
bounded-wait,transform-timeout,healthy-miss,70000.000,2,1.000,0.500000,0.500000,0.500000,1462.149,1462.149
bounded-wait,transform-timeout,healthy-miss,75000.000,2,1.000,0.000000,0.000000,0.000000,898.834,898.834
bounded-wait,transform-timeout,healthy-miss,80000.000,2,1.000,1.000000,1.000000,1.000000,2029.059,2029.059
bounded-wait,transform-timeout,healthy-miss,85000.000,2,1.000,1.000000,1.000000,1.000000,2023.489,2023.489
bounded-wait,transform-timeout,healthy-miss,90000.000,2,1.000,0.000000,0.000000,0.000000,1336.773,1336.773
bounded-wait,transform-timeout,healthy-miss,95000.000,2,1.000,0.000000,0.000000,0.000000,2249.717,2249.717
bounded-wait,transform-timeout,healthy-miss,100000.000,2,1.000,0.000000,0.000000,0.000000,2223.278,2223.278
bounded-wait,transform-timeout,healthy-miss,105000.000,2,1.000,0.000000,0.000000,0.000000,2122.631,2122.631
bounded-wait,transform-timeout,healthy-miss,110000.000,2,1.000,0.000000,0.000000,0.000000,2305.659,2305.659
bounded-wait,transform-timeout,healthy-miss,115000.000,2,1.000,0.000000,0.000000,0.000000,2230.146,2230.146
bounded-wait,transform-timeout,healthy-miss,120000.000,2,1.000,0.000000,0.000000,0.000000,2290.724,2290.724
bounded-wait,transform-timeout,healthy-miss,125000.000,2,1.000,0.000000,0.000000,0.000000,2296.487,2296.487
bounded-wait,transform-timeout,healthy-miss,130000.000,2,1.000,0.000000,0.000000,0.000000,2294.370,2294.370
bounded-wait,transform-timeout,healthy-miss,135000.000,2,1.000,0.000000,0.000000,0.000000,2344.780,2344.780
bounded-wait,transform-timeout,healthy-miss,140000.000,2,1.000,0.000000,0.000000,0.000000,2323.427,2323.427
bounded-wait,transform-timeout,healthy-miss,145000.000,2,1.000,0.000000,0.000000,0.000000,2321.423,2321.423
bounded-wait,transform-timeout,poisoned-miss,0.000,2,1.000,0.000000,0.000000,0.000000,911.137,911.137
bounded-wait,transform-timeout,poisoned-miss,5000.000,2,2.000,0.000000,0.000000,0.000000,893.366,2334.445
bounded-wait,transform-timeout,poisoned-miss,10000.000,2,2.000,0.000000,0.000000,0.000000,885.881,2383.441
bounded-wait,transform-timeout,poisoned-miss,15000.000,2,2.000,0.000000,0.000000,0.000000,894.101,2202.182
bounded-wait,transform-timeout,poisoned-miss,20000.000,2,2.000,0.000000,0.000000,0.000000,907.747,2372.403
bounded-wait,transform-timeout,poisoned-miss,25000.000,2,2.000,0.000000,0.000000,0.000000,906.449,2288.258
bounded-wait,transform-timeout,poisoned-miss,30000.000,2,2.000,1.000000,0.000000,1.000000,20012.214,20013.452
bounded-wait,transform-timeout,poisoned-miss,35000.000,2,2.000,1.000000,0.000000,1.000000,20011.772,20012.637
bounded-wait,transform-timeout,poisoned-miss,40000.000,2,2.000,1.000000,1.000000,1.000000,2024.252,2035.024
bounded-wait,transform-timeout,poisoned-miss,45000.000,2,2.000,1.000000,1.000000,1.000000,2022.277,2022.712
bounded-wait,transform-timeout,poisoned-miss,50000.000,2,2.000,1.000000,0.000000,1.000000,20012.636,20021.779
bounded-wait,transform-timeout,poisoned-miss,55000.000,2,2.000,1.000000,0.000000,1.000000,20013.022,20021.553
bounded-wait,transform-timeout,poisoned-miss,60000.000,2,2.000,1.000000,1.000000,1.000000,2026.955,2031.844
bounded-wait,transform-timeout,poisoned-miss,65000.000,2,2.000,1.000000,1.000000,1.000000,2030.346,2031.316
bounded-wait,transform-timeout,poisoned-miss,70000.000,2,2.000,1.000000,0.000000,1.000000,20012.923,20014.082
bounded-wait,transform-timeout,poisoned-miss,75000.000,2,2.000,1.000000,0.000000,1.000000,20013.181,20024.703
bounded-wait,transform-timeout,poisoned-miss,80000.000,2,2.000,1.000000,1.000000,1.000000,2024.284,2036.503
bounded-wait,transform-timeout,poisoned-miss,85000.000,2,2.000,1.000000,1.000000,1.000000,2021.656,2022.968
bounded-wait,transform-timeout,poisoned-miss,90000.000,2,2.000,0.000000,0.000000,0.000000,892.798,1352.349
bounded-wait,transform-timeout,poisoned-miss,95000.000,2,2.000,0.000000,0.000000,0.000000,897.439,2287.065
bounded-wait,transform-timeout,poisoned-miss,100000.000,2,2.000,0.000000,0.000000,0.000000,891.264,2232.506
bounded-wait,transform-timeout,poisoned-miss,105000.000,2,2.000,0.000000,0.000000,0.000000,897.849,2177.773
bounded-wait,transform-timeout,poisoned-miss,110000.000,2,2.000,0.000000,0.000000,0.000000,890.255,2303.534
bounded-wait,transform-timeout,poisoned-miss,115000.000,2,2.000,0.000000,0.000000,0.000000,899.453,2141.627
bounded-wait,transform-timeout,poisoned-miss,120000.000,2,2.000,0.000000,0.000000,0.000000,896.449,2309.412
bounded-wait,transform-timeout,poisoned-miss,125000.000,2,2.000,0.000000,0.000000,0.000000,902.578,2269.490
bounded-wait,transform-timeout,poisoned-miss,130000.000,2,2.000,0.000000,0.000000,0.000000,889.351,2320.639
bounded-wait,transform-timeout,poisoned-miss,135000.000,2,2.000,0.000000,0.000000,0.000000,910.401,2360.380
bounded-wait,transform-timeout,poisoned-miss,140000.000,2,2.000,0.000000,0.000000,0.000000,928.936,2356.748
bounded-wait,transform-timeout,poisoned-miss,145000.000,2,2.000,0.000000,0.000000,0.000000,901.195,2310.776
kill-switch,transform-timeout,hit,0.000,2,24.000,0.000000,0.000000,0.000000,32.194,52.176
kill-switch,transform-timeout,hit,5000.000,2,25.000,0.000000,0.000000,0.000000,29.185,44.645
kill-switch,transform-timeout,hit,10000.000,2,25.000,0.000000,0.000000,0.000000,31.634,45.406
kill-switch,transform-timeout,hit,15000.000,2,25.000,0.000000,0.000000,0.000000,29.306,31.682
kill-switch,transform-timeout,hit,20000.000,2,25.000,0.000000,0.000000,0.000000,28.099,64.874
kill-switch,transform-timeout,hit,25000.000,2,25.000,0.000000,0.000000,0.000000,30.764,31.672
kill-switch,transform-timeout,hit,30000.000,2,25.000,0.000000,0.000000,0.000000,28.784,33.918
kill-switch,transform-timeout,hit,35000.000,2,25.000,0.000000,0.000000,0.000000,28.995,34.837
kill-switch,transform-timeout,hit,40000.000,2,25.000,0.000000,0.000000,0.000000,29.627,37.932
kill-switch,transform-timeout,hit,45000.000,2,25.000,0.000000,0.000000,0.000000,34.195,45.224
kill-switch,transform-timeout,hit,50000.000,2,25.000,0.000000,0.000000,0.000000,27.675,29.184
kill-switch,transform-timeout,hit,55000.000,2,25.000,0.000000,0.000000,0.000000,28.886,33.893
kill-switch,transform-timeout,hit,60000.000,2,25.000,0.000000,0.000000,0.000000,28.368,38.156
kill-switch,transform-timeout,hit,65000.000,2,25.000,0.000000,0.000000,0.000000,28.242,28.640
kill-switch,transform-timeout,hit,70000.000,2,25.000,0.000000,0.000000,0.000000,28.895,48.410
kill-switch,transform-timeout,hit,75000.000,2,25.000,0.000000,0.000000,0.000000,27.955,28.141
kill-switch,transform-timeout,hit,80000.000,2,25.000,0.000000,0.000000,0.000000,28.870,40.839
kill-switch,transform-timeout,hit,85000.000,2,25.000,0.000000,0.000000,0.000000,28.686,65.930
kill-switch,transform-timeout,hit,90000.000,2,25.000,0.000000,0.000000,0.000000,27.831,41.406
kill-switch,transform-timeout,hit,95000.000,2,25.000,0.000000,0.000000,0.000000,27.789,29.095
kill-switch,transform-timeout,hit,100000.000,2,25.000,0.000000,0.000000,0.000000,37.375,37.852
kill-switch,transform-timeout,hit,105000.000,2,25.000,0.000000,0.000000,0.000000,28.492,30.306
kill-switch,transform-timeout,hit,110000.000,2,25.000,0.000000,0.000000,0.000000,28.047,38.077
kill-switch,transform-timeout,hit,115000.000,2,25.000,0.000000,0.000000,0.000000,28.938,38.523
kill-switch,transform-timeout,hit,120000.000,2,25.000,0.000000,0.000000,0.000000,29.099,29.394
kill-switch,transform-timeout,hit,125000.000,2,25.000,0.000000,0.000000,0.000000,28.700,30.502
kill-switch,transform-timeout,hit,130000.000,2,25.000,0.000000,0.000000,0.000000,28.910,31.351
kill-switch,transform-timeout,hit,135000.000,2,25.000,0.000000,0.000000,0.000000,30.929,35.993
kill-switch,transform-timeout,hit,140000.000,2,25.000,0.000000,0.000000,0.000000,29.248,42.511
kill-switch,transform-timeout,hit,145000.000,2,25.000,0.000000,0.000000,0.000000,28.379,30.199
kill-switch,transform-timeout,healthy-miss,0.000,0,0.000,0.000000,0.000000,0.000000,0.000,0.000
kill-switch,transform-timeout,healthy-miss,5000.000,2,1.000,0.000000,0.000000,0.000000,2326.949,2326.949
kill-switch,transform-timeout,healthy-miss,10000.000,2,1.000,0.000000,0.000000,0.000000,2236.395,2236.395
kill-switch,transform-timeout,healthy-miss,15000.000,2,1.000,0.000000,0.000000,0.000000,2296.032,2296.032
kill-switch,transform-timeout,healthy-miss,20000.000,2,1.000,0.000000,0.000000,0.000000,2207.134,2207.134
kill-switch,transform-timeout,healthy-miss,25000.000,2,1.000,0.000000,0.000000,0.000000,2308.670,2308.670
kill-switch,transform-timeout,healthy-miss,30000.000,2,1.000,0.000000,0.000000,0.000000,918.812,918.812
kill-switch,transform-timeout,healthy-miss,35000.000,2,1.000,0.000000,0.000000,0.000000,900.504,900.504
kill-switch,transform-timeout,healthy-miss,40000.000,2,1.000,0.000000,0.000000,1.000000,13337.387,13337.387
kill-switch,transform-timeout,healthy-miss,45000.000,2,1.000,0.000000,0.000000,1.000000,13330.516,13330.516
kill-switch,transform-timeout,healthy-miss,50000.000,2,1.000,1.000000,0.000000,1.000000,12.457,12.457
kill-switch,transform-timeout,healthy-miss,55000.000,2,1.000,1.000000,0.000000,1.000000,11.245,11.245
kill-switch,transform-timeout,healthy-miss,60000.000,2,1.000,1.000000,0.000000,1.000000,11.055,11.055
kill-switch,transform-timeout,healthy-miss,65000.000,2,1.000,1.000000,0.000000,1.000000,12.014,12.014
kill-switch,transform-timeout,healthy-miss,70000.000,2,1.000,1.000000,0.000000,1.000000,12.717,12.717
kill-switch,transform-timeout,healthy-miss,75000.000,2,1.000,1.000000,0.000000,1.000000,13.342,13.342
kill-switch,transform-timeout,healthy-miss,80000.000,2,1.000,1.000000,0.000000,1.000000,21.097,21.097
kill-switch,transform-timeout,healthy-miss,85000.000,2,1.000,1.000000,0.000000,1.000000,10.068,10.068
kill-switch,transform-timeout,healthy-miss,90000.000,2,1.000,1.000000,0.000000,1.000000,11.427,11.427
kill-switch,transform-timeout,healthy-miss,95000.000,2,1.000,1.000000,0.000000,1.000000,20.486,20.486
kill-switch,transform-timeout,healthy-miss,100000.000,2,1.000,0.000000,0.000000,0.000000,2158.146,2158.146
kill-switch,transform-timeout,healthy-miss,105000.000,2,1.000,0.000000,0.000000,0.000000,2311.666,2311.666
kill-switch,transform-timeout,healthy-miss,110000.000,2,1.000,0.000000,0.000000,0.000000,2323.619,2323.619
kill-switch,transform-timeout,healthy-miss,115000.000,2,1.000,0.000000,0.000000,0.000000,2385.907,2385.907
kill-switch,transform-timeout,healthy-miss,120000.000,2,1.000,0.000000,0.000000,0.000000,2193.439,2193.439
kill-switch,transform-timeout,healthy-miss,125000.000,2,1.000,0.000000,0.000000,0.000000,2168.502,2168.502
kill-switch,transform-timeout,healthy-miss,130000.000,2,1.000,0.000000,0.000000,0.000000,2268.416,2268.416
kill-switch,transform-timeout,healthy-miss,135000.000,2,1.000,0.000000,0.000000,0.000000,2255.832,2255.832
kill-switch,transform-timeout,healthy-miss,140000.000,2,1.000,0.000000,0.000000,0.000000,2213.757,2213.757
kill-switch,transform-timeout,healthy-miss,145000.000,2,1.000,0.000000,0.000000,0.000000,2280.523,2280.523
kill-switch,transform-timeout,poisoned-miss,0.000,2,1.000,0.000000,0.000000,0.000000,892.563,892.563
kill-switch,transform-timeout,poisoned-miss,5000.000,2,2.000,0.000000,0.000000,0.000000,914.673,2272.694
kill-switch,transform-timeout,poisoned-miss,10000.000,2,2.000,0.000000,0.000000,0.000000,900.250,2205.743
kill-switch,transform-timeout,poisoned-miss,15000.000,2,2.000,0.000000,0.000000,0.000000,894.236,2284.896
kill-switch,transform-timeout,poisoned-miss,20000.000,2,2.000,0.000000,0.000000,0.000000,898.415,2216.418
kill-switch,transform-timeout,poisoned-miss,25000.000,2,2.000,0.000000,0.000000,0.000000,917.135,2313.169
kill-switch,transform-timeout,poisoned-miss,30000.000,2,2.000,1.000000,0.000000,1.000000,20014.124,20015.311
kill-switch,transform-timeout,poisoned-miss,35000.000,2,2.000,1.000000,0.000000,1.000000,20012.433,20023.889
kill-switch,transform-timeout,poisoned-miss,40000.000,2,2.000,1.000000,0.000000,1.000000,20011.618,20012.399
kill-switch,transform-timeout,poisoned-miss,45000.000,2,2.000,1.000000,0.000000,1.000000,20012.201,20014.603
kill-switch,transform-timeout,poisoned-miss,50000.000,2,2.000,1.000000,0.000000,1.000000,12.036,13.454
kill-switch,transform-timeout,poisoned-miss,55000.000,2,2.000,1.000000,0.000000,1.000000,12.096,24.021
kill-switch,transform-timeout,poisoned-miss,60000.000,2,2.000,1.000000,0.000000,1.000000,12.787,13.812
kill-switch,transform-timeout,poisoned-miss,65000.000,2,2.000,1.000000,0.000000,1.000000,9.974,11.994
kill-switch,transform-timeout,poisoned-miss,70000.000,2,2.000,1.000000,0.000000,1.000000,10.831,16.849
kill-switch,transform-timeout,poisoned-miss,75000.000,2,2.000,1.000000,0.000000,1.000000,11.283,13.439
kill-switch,transform-timeout,poisoned-miss,80000.000,2,2.000,1.000000,0.000000,1.000000,13.399,22.466
kill-switch,transform-timeout,poisoned-miss,85000.000,2,2.000,1.000000,0.000000,1.000000,11.966,13.188
kill-switch,transform-timeout,poisoned-miss,90000.000,2,2.000,1.000000,0.000000,1.000000,11.031,12.029
kill-switch,transform-timeout,poisoned-miss,95000.000,2,2.000,1.000000,0.000000,1.000000,11.241,12.601
kill-switch,transform-timeout,poisoned-miss,100000.000,2,2.000,0.000000,0.000000,0.000000,900.866,2137.066
kill-switch,transform-timeout,poisoned-miss,105000.000,2,2.000,0.000000,0.000000,0.000000,905.445,2326.003
kill-switch,transform-timeout,poisoned-miss,110000.000,2,2.000,0.000000,0.000000,0.000000,883.395,2296.280
kill-switch,transform-timeout,poisoned-miss,115000.000,2,2.000,0.000000,0.000000,0.000000,904.811,2409.390
kill-switch,transform-timeout,poisoned-miss,120000.000,2,2.000,0.000000,0.000000,0.000000,905.713,2165.106
kill-switch,transform-timeout,poisoned-miss,125000.000,2,2.000,0.000000,0.000000,0.000000,887.443,2177.930
kill-switch,transform-timeout,poisoned-miss,130000.000,2,2.000,0.000000,0.000000,0.000000,910.600,2195.312
kill-switch,transform-timeout,poisoned-miss,135000.000,2,2.000,0.000000,0.000000,0.000000,903.259,2250.295
kill-switch,transform-timeout,poisoned-miss,140000.000,2,2.000,0.000000,0.000000,0.000000,898.136,2268.463
kill-switch,transform-timeout,poisoned-miss,145000.000,2,2.000,0.000000,0.000000,0.000000,899.544,2246.681
baseline,slow-original,hit,0.000,2,24.000,0.000000,0.000000,0.000000,33.468,44.991
baseline,slow-original,hit,5000.000,2,25.000,0.000000,0.000000,0.000000,28.503,28.815
baseline,slow-original,hit,10000.000,2,25.000,0.000000,0.000000,0.000000,29.893,35.340
baseline,slow-original,hit,15000.000,2,25.000,0.000000,0.000000,0.000000,29.736,65.889
baseline,slow-original,hit,20000.000,2,25.000,0.000000,0.000000,0.000000,32.444,33.938
baseline,slow-original,hit,25000.000,2,25.000,0.000000,0.000000,0.000000,32.256,37.578
baseline,slow-original,hit,30000.000,2,25.000,0.000000,0.000000,0.000000,29.111,33.805
baseline,slow-original,hit,35000.000,2,25.000,0.000000,0.000000,0.000000,28.191,29.750
baseline,slow-original,hit,40000.000,2,25.000,0.000000,0.000000,0.000000,30.270,30.524
baseline,slow-original,hit,45000.000,2,25.000,0.000000,0.000000,0.000000,28.878,29.538
baseline,slow-original,hit,50000.000,2,25.000,0.000000,0.000000,0.000000,29.102,29.507
baseline,slow-original,hit,55000.000,2,25.000,0.000000,0.000000,0.000000,28.898,30.441
baseline,slow-original,hit,60000.000,2,25.000,0.000000,0.000000,0.000000,29.221,58.230
baseline,slow-original,hit,65000.000,2,25.000,0.000000,0.000000,0.000000,34.218,41.210
baseline,slow-original,hit,70000.000,2,25.000,0.000000,0.000000,0.000000,29.369,33.635
baseline,slow-original,hit,75000.000,2,25.000,0.000000,0.000000,0.000000,28.477,38.360
baseline,slow-original,hit,80000.000,2,25.000,0.000000,0.000000,0.000000,33.220,34.284
baseline,slow-original,hit,85000.000,2,25.000,0.000000,0.000000,0.000000,28.531,64.758
baseline,slow-original,hit,90000.000,2,25.000,0.000000,0.000000,0.000000,28.822,68.127
baseline,slow-original,hit,95000.000,2,25.000,0.000000,0.000000,0.000000,29.742,56.046
baseline,slow-original,hit,100000.000,2,25.000,0.000000,0.000000,0.000000,36.968,44.255
baseline,slow-original,hit,105000.000,2,25.000,0.000000,0.000000,0.000000,30.133,35.162
baseline,slow-original,hit,110000.000,2,25.000,0.000000,0.000000,0.000000,34.117,49.593
baseline,slow-original,hit,115000.000,2,25.000,0.000000,0.000000,0.000000,29.081,33.016
baseline,slow-original,hit,120000.000,2,25.000,0.000000,0.000000,0.000000,41.538,42.788
baseline,slow-original,hit,125000.000,2,25.000,0.000000,0.000000,0.000000,32.883,70.808
baseline,slow-original,hit,130000.000,2,25.000,0.000000,0.000000,0.000000,28.879,29.788
baseline,slow-original,hit,135000.000,2,25.000,0.000000,0.000000,0.000000,28.366,28.766
baseline,slow-original,hit,140000.000,2,25.000,0.000000,0.000000,0.000000,34.491,54.930
baseline,slow-original,hit,145000.000,2,25.000,0.000000,0.000000,0.000000,28.904,30.604
baseline,slow-original,healthy-miss,0.000,0,0.000,0.000000,0.000000,0.000000,0.000,0.000
baseline,slow-original,healthy-miss,5000.000,2,1.000,0.000000,0.000000,0.000000,2332.110,2332.110
baseline,slow-original,healthy-miss,10000.000,2,1.000,0.000000,0.000000,0.000000,2275.713,2275.713
baseline,slow-original,healthy-miss,15000.000,2,1.000,0.000000,0.000000,0.000000,2263.913,2263.913
baseline,slow-original,healthy-miss,20000.000,2,1.000,0.000000,0.000000,0.000000,2293.827,2293.827
baseline,slow-original,healthy-miss,25000.000,2,1.000,0.000000,0.000000,0.000000,2343.390,2343.390
baseline,slow-original,healthy-miss,30000.000,2,1.000,0.000000,0.000000,0.000000,891.117,891.117
baseline,slow-original,healthy-miss,35000.000,2,1.000,0.000000,0.000000,0.000000,923.251,923.251
baseline,slow-original,healthy-miss,40000.000,2,1.000,0.000000,0.000000,0.000000,951.120,951.120
baseline,slow-original,healthy-miss,45000.000,2,1.000,0.000000,0.000000,0.000000,2221.343,2221.343
baseline,slow-original,healthy-miss,50000.000,2,1.000,0.000000,0.000000,0.000000,2332.011,2332.011
baseline,slow-original,healthy-miss,55000.000,2,1.000,0.000000,0.000000,0.000000,2352.076,2352.076
baseline,slow-original,healthy-miss,60000.000,2,1.000,0.000000,0.000000,0.000000,2286.086,2286.086
baseline,slow-original,healthy-miss,65000.000,2,1.000,0.000000,0.000000,0.000000,2257.615,2257.615
baseline,slow-original,healthy-miss,70000.000,2,1.000,0.000000,0.000000,0.000000,2240.525,2240.525
baseline,slow-original,healthy-miss,75000.000,2,1.000,0.000000,0.000000,0.000000,2244.507,2244.507
baseline,slow-original,healthy-miss,80000.000,2,1.000,0.000000,0.000000,0.000000,2290.814,2290.814
baseline,slow-original,healthy-miss,85000.000,2,1.000,0.000000,0.000000,0.000000,2304.511,2304.511
baseline,slow-original,healthy-miss,90000.000,2,1.000,0.000000,0.000000,0.000000,3734.058,3734.058
baseline,slow-original,healthy-miss,95000.000,2,1.000,0.000000,0.000000,0.000000,4319.945,4319.945
baseline,slow-original,healthy-miss,100000.000,2,1.000,0.000000,0.000000,0.000000,5425.140,5425.140
baseline,slow-original,healthy-miss,105000.000,2,1.000,0.000000,0.000000,0.000000,3789.912,3789.912
baseline,slow-original,healthy-miss,110000.000,2,1.000,0.000000,0.000000,0.000000,2372.781,2372.781
baseline,slow-original,healthy-miss,115000.000,2,1.000,0.000000,0.000000,0.000000,2341.685,2341.685
baseline,slow-original,healthy-miss,120000.000,2,1.000,0.000000,0.000000,0.000000,2188.144,2188.144
baseline,slow-original,healthy-miss,125000.000,2,1.000,0.000000,0.000000,0.000000,2335.628,2335.628
baseline,slow-original,healthy-miss,130000.000,2,1.000,0.000000,0.000000,0.000000,2277.539,2277.539
baseline,slow-original,healthy-miss,135000.000,2,1.000,0.000000,0.000000,0.000000,2238.028,2238.028
baseline,slow-original,healthy-miss,140000.000,2,1.000,0.000000,0.000000,0.000000,2303.063,2303.063
baseline,slow-original,healthy-miss,145000.000,2,1.000,0.000000,0.000000,0.000000,2381.894,2381.894
baseline,slow-original,poisoned-miss,0.000,2,1.000,0.000000,0.000000,0.000000,916.371,916.371
baseline,slow-original,poisoned-miss,5000.000,2,2.000,0.000000,0.000000,0.000000,942.175,2356.916
baseline,slow-original,poisoned-miss,10000.000,2,2.000,0.000000,0.000000,0.000000,915.221,2272.615
baseline,slow-original,poisoned-miss,15000.000,2,2.000,0.000000,0.000000,0.000000,908.145,2219.521
baseline,slow-original,poisoned-miss,20000.000,2,2.000,0.000000,0.000000,0.000000,895.403,2303.599
baseline,slow-original,poisoned-miss,25000.000,2,2.000,0.000000,0.000000,0.000000,904.771,2299.447
baseline,slow-original,poisoned-miss,30000.000,2,2.000,0.000000,0.000000,0.000000,15923.037,17206.764
baseline,slow-original,poisoned-miss,35000.000,2,2.000,0.000000,0.000000,0.000000,15913.154,17347.508
baseline,slow-original,poisoned-miss,40000.000,2,2.000,0.000000,0.000000,0.000000,15907.267,17343.215
baseline,slow-original,poisoned-miss,45000.000,2,2.000,0.000000,0.000000,0.000000,15895.109,17242.259
baseline,slow-original,poisoned-miss,50000.000,2,2.000,0.000000,0.000000,0.000000,15944.809,17282.743
baseline,slow-original,poisoned-miss,55000.000,2,2.000,0.000000,0.000000,0.000000,15901.578,17196.825
baseline,slow-original,poisoned-miss,60000.000,2,2.000,0.000000,0.000000,0.000000,15912.680,17245.323
baseline,slow-original,poisoned-miss,65000.000,2,2.000,0.000000,0.000000,0.000000,15891.848,17326.853
baseline,slow-original,poisoned-miss,70000.000,2,2.000,0.000000,0.000000,0.000000,15892.318,17335.615
baseline,slow-original,poisoned-miss,75000.000,2,2.000,0.000000,0.000000,0.000000,17840.091,18147.606
baseline,slow-original,poisoned-miss,80000.000,2,2.000,0.000000,0.000000,0.000000,18088.444,18856.560
baseline,slow-original,poisoned-miss,85000.000,2,2.000,0.250000,0.000000,0.250000,18634.772,19890.619
baseline,slow-original,poisoned-miss,90000.000,2,2.000,0.000000,0.000000,0.000000,2991.568,3486.997
baseline,slow-original,poisoned-miss,95000.000,2,2.000,0.000000,0.000000,0.000000,4350.365,4519.213
baseline,slow-original,poisoned-miss,100000.000,2,2.000,0.000000,0.000000,0.000000,4450.971,4922.761
baseline,slow-original,poisoned-miss,105000.000,2,2.000,0.000000,0.000000,0.000000,2095.109,4069.607
baseline,slow-original,poisoned-miss,110000.000,2,2.000,0.000000,0.000000,0.000000,911.457,2341.893
baseline,slow-original,poisoned-miss,115000.000,2,2.000,0.000000,0.000000,0.000000,905.244,2324.516
baseline,slow-original,poisoned-miss,120000.000,2,2.000,0.000000,0.000000,0.000000,906.274,2202.678
baseline,slow-original,poisoned-miss,125000.000,2,2.000,0.000000,0.000000,0.000000,936.804,2363.828
baseline,slow-original,poisoned-miss,130000.000,2,2.000,0.000000,0.000000,0.000000,905.163,2357.345
baseline,slow-original,poisoned-miss,135000.000,2,2.000,0.000000,0.000000,0.000000,886.149,2252.015
baseline,slow-original,poisoned-miss,140000.000,2,2.000,0.000000,0.000000,0.000000,916.304,2332.547
baseline,slow-original,poisoned-miss,145000.000,2,2.000,0.000000,0.000000,0.000000,903.131,2378.289
bounded-wait,slow-original,hit,0.000,2,24.000,0.000000,0.000000,0.000000,28.862,29.100
bounded-wait,slow-original,hit,5000.000,2,25.000,0.000000,0.000000,0.000000,35.526,61.760
bounded-wait,slow-original,hit,10000.000,2,25.000,0.000000,0.000000,0.000000,31.163,31.757
bounded-wait,slow-original,hit,15000.000,2,25.000,0.000000,0.000000,0.000000,34.383,60.156
bounded-wait,slow-original,hit,20000.000,2,25.000,0.000000,0.000000,0.000000,30.583,32.584
bounded-wait,slow-original,hit,25000.000,2,25.000,0.000000,0.000000,0.000000,30.592,30.870
bounded-wait,slow-original,hit,30000.000,2,25.000,0.000000,0.000000,0.000000,30.588,35.681
bounded-wait,slow-original,hit,35000.000,2,25.000,0.000000,0.000000,0.000000,29.481,37.575
bounded-wait,slow-original,hit,40000.000,2,25.000,0.000000,0.000000,0.000000,28.858,30.178
bounded-wait,slow-original,hit,45000.000,2,25.000,0.000000,0.000000,0.000000,29.315,29.864
bounded-wait,slow-original,hit,50000.000,2,25.000,0.000000,0.000000,0.000000,29.237,34.201
bounded-wait,slow-original,hit,55000.000,2,25.000,0.000000,0.000000,0.000000,28.192,34.194
bounded-wait,slow-original,hit,60000.000,2,25.000,0.000000,0.000000,0.000000,29.232,39.755
bounded-wait,slow-original,hit,65000.000,2,25.000,0.000000,0.000000,0.000000,28.732,30.056
bounded-wait,slow-original,hit,70000.000,2,25.000,0.000000,0.000000,0.000000,28.947,29.504
bounded-wait,slow-original,hit,75000.000,2,25.000,0.000000,0.000000,0.000000,28.078,29.090
bounded-wait,slow-original,hit,80000.000,2,25.000,0.000000,0.000000,0.000000,28.914,30.645
bounded-wait,slow-original,hit,85000.000,2,25.000,0.000000,0.000000,0.000000,28.143,29.044
bounded-wait,slow-original,hit,90000.000,2,25.000,0.000000,0.000000,0.000000,28.465,37.279
bounded-wait,slow-original,hit,95000.000,2,25.000,0.000000,0.000000,0.000000,57.957,62.564
bounded-wait,slow-original,hit,100000.000,2,25.000,0.000000,0.000000,0.000000,32.079,82.681
bounded-wait,slow-original,hit,105000.000,2,25.000,0.000000,0.000000,0.000000,28.413,41.160
bounded-wait,slow-original,hit,110000.000,2,25.000,0.000000,0.000000,0.000000,27.546,28.210
bounded-wait,slow-original,hit,115000.000,2,25.000,0.000000,0.000000,0.000000,34.026,57.786
bounded-wait,slow-original,hit,120000.000,2,25.000,0.000000,0.000000,0.000000,28.137,57.616
bounded-wait,slow-original,hit,125000.000,2,25.000,0.000000,0.000000,0.000000,29.046,29.198
bounded-wait,slow-original,hit,130000.000,2,25.000,0.000000,0.000000,0.000000,29.104,38.532
bounded-wait,slow-original,hit,135000.000,2,25.000,0.000000,0.000000,0.000000,39.270,57.694
bounded-wait,slow-original,hit,140000.000,2,25.000,0.000000,0.000000,0.000000,28.505,56.722
bounded-wait,slow-original,hit,145000.000,2,25.000,0.000000,0.000000,0.000000,29.560,36.490
bounded-wait,slow-original,healthy-miss,0.000,0,0.000,0.000000,0.000000,0.000000,0.000,0.000
bounded-wait,slow-original,healthy-miss,5000.000,2,1.000,0.000000,0.000000,0.000000,2337.105,2337.105
bounded-wait,slow-original,healthy-miss,10000.000,2,1.000,0.000000,0.000000,0.000000,2268.607,2268.607
bounded-wait,slow-original,healthy-miss,15000.000,2,1.000,0.000000,0.000000,0.000000,2326.520,2326.520
bounded-wait,slow-original,healthy-miss,20000.000,2,1.000,0.000000,0.000000,0.000000,2320.900,2320.900
bounded-wait,slow-original,healthy-miss,25000.000,2,1.000,0.000000,0.000000,0.000000,2341.247,2341.247
bounded-wait,slow-original,healthy-miss,30000.000,2,1.000,0.000000,0.000000,0.000000,899.905,899.905
bounded-wait,slow-original,healthy-miss,35000.000,2,1.000,0.000000,0.000000,0.000000,896.633,896.633
bounded-wait,slow-original,healthy-miss,40000.000,2,1.000,1.000000,1.000000,1.000000,2022.579,2022.579
bounded-wait,slow-original,healthy-miss,45000.000,2,1.000,0.000000,0.000000,0.000000,1787.610,1787.610
bounded-wait,slow-original,healthy-miss,50000.000,2,1.000,0.500000,0.500000,0.500000,1918.414,1918.414
bounded-wait,slow-original,healthy-miss,55000.000,2,1.000,1.000000,1.000000,1.000000,2023.551,2023.551
bounded-wait,slow-original,healthy-miss,60000.000,2,1.000,1.000000,1.000000,1.000000,2023.079,2023.079
bounded-wait,slow-original,healthy-miss,65000.000,2,1.000,0.000000,0.000000,0.000000,894.397,894.397
bounded-wait,slow-original,healthy-miss,70000.000,2,1.000,0.000000,0.000000,0.000000,893.034,893.034
bounded-wait,slow-original,healthy-miss,75000.000,2,1.000,1.000000,1.000000,1.000000,2025.638,2025.638
bounded-wait,slow-original,healthy-miss,80000.000,2,1.000,0.500000,0.500000,0.500000,2356.436,2356.436
bounded-wait,slow-original,healthy-miss,85000.000,2,1.000,0.000000,0.000000,0.000000,1750.802,1750.802
bounded-wait,slow-original,healthy-miss,90000.000,2,1.000,1.000000,1.000000,1.000000,2034.810,2034.810
bounded-wait,slow-original,healthy-miss,95000.000,2,1.000,0.000000,0.000000,0.000000,2194.195,2194.195
bounded-wait,slow-original,healthy-miss,100000.000,2,1.000,0.000000,0.000000,0.000000,2909.576,2909.576
bounded-wait,slow-original,healthy-miss,105000.000,2,1.000,0.000000,0.000000,0.000000,2827.387,2827.387
bounded-wait,slow-original,healthy-miss,110000.000,2,1.000,0.000000,0.000000,0.000000,2229.683,2229.683
bounded-wait,slow-original,healthy-miss,115000.000,2,1.000,0.000000,0.000000,0.000000,2220.939,2220.939
bounded-wait,slow-original,healthy-miss,120000.000,2,1.000,0.000000,0.000000,0.000000,2279.589,2279.589
bounded-wait,slow-original,healthy-miss,125000.000,2,1.000,0.000000,0.000000,0.000000,2250.910,2250.910
bounded-wait,slow-original,healthy-miss,130000.000,2,1.000,0.000000,0.000000,0.000000,2323.303,2323.303
bounded-wait,slow-original,healthy-miss,135000.000,2,1.000,0.000000,0.000000,0.000000,2328.670,2328.670
bounded-wait,slow-original,healthy-miss,140000.000,2,1.000,0.000000,0.000000,0.000000,2267.234,2267.234
bounded-wait,slow-original,healthy-miss,145000.000,2,1.000,0.000000,0.000000,0.000000,2297.545,2297.545
bounded-wait,slow-original,poisoned-miss,0.000,2,1.000,0.000000,0.000000,0.000000,896.610,896.610
bounded-wait,slow-original,poisoned-miss,5000.000,2,2.000,0.000000,0.000000,0.000000,978.614,2275.286
bounded-wait,slow-original,poisoned-miss,10000.000,2,2.000,0.000000,0.000000,0.000000,929.762,2251.724
bounded-wait,slow-original,poisoned-miss,15000.000,2,2.000,0.000000,0.000000,0.000000,909.603,2308.552
bounded-wait,slow-original,poisoned-miss,20000.000,2,2.000,0.000000,0.000000,0.000000,931.875,2344.909
bounded-wait,slow-original,poisoned-miss,25000.000,2,2.000,0.000000,0.000000,0.000000,893.643,2281.485
bounded-wait,slow-original,poisoned-miss,30000.000,2,2.000,0.000000,0.000000,0.000000,15900.352,15921.958
bounded-wait,slow-original,poisoned-miss,35000.000,2,2.000,0.000000,0.000000,0.000000,15901.088,15916.114
bounded-wait,slow-original,poisoned-miss,40000.000,2,2.000,1.000000,1.000000,1.000000,2023.545,2026.019
bounded-wait,slow-original,poisoned-miss,45000.000,2,2.000,0.000000,0.000000,0.000000,16808.100,17676.403
bounded-wait,slow-original,poisoned-miss,50000.000,2,2.000,0.000000,0.000000,0.000000,16786.393,17235.023
bounded-wait,slow-original,poisoned-miss,55000.000,2,2.000,1.000000,1.000000,1.000000,2021.690,2022.171
bounded-wait,slow-original,poisoned-miss,60000.000,2,2.000,0.500000,0.500000,0.500000,2023.588,16049.511
bounded-wait,slow-original,poisoned-miss,65000.000,2,2.000,0.000000,0.000000,0.000000,15982.836,16759.552
bounded-wait,slow-original,poisoned-miss,70000.000,2,2.000,0.500000,0.500000,0.500000,2025.890,16758.522
bounded-wait,slow-original,poisoned-miss,75000.000,2,2.000,0.500000,0.500000,0.500000,2024.744,16919.539
bounded-wait,slow-original,poisoned-miss,80000.000,2,2.000,0.250000,0.250000,0.250000,9789.601,17841.304
bounded-wait,slow-original,poisoned-miss,85000.000,2,2.000,0.250000,0.250000,0.250000,10728.784,18530.530
bounded-wait,slow-original,poisoned-miss,90000.000,2,2.000,0.500000,0.500000,0.500000,2024.539,2794.163
bounded-wait,slow-original,poisoned-miss,95000.000,2,2.000,0.000000,0.000000,0.000000,1171.651,2070.476
bounded-wait,slow-original,poisoned-miss,100000.000,2,2.000,0.000000,0.000000,0.000000,2224.553,2784.673
bounded-wait,slow-original,poisoned-miss,105000.000,2,2.000,0.000000,0.000000,0.000000,1184.202,2867.119
bounded-wait,slow-original,poisoned-miss,110000.000,2,2.000,0.000000,0.000000,0.000000,905.808,2271.393
bounded-wait,slow-original,poisoned-miss,115000.000,2,2.000,0.000000,0.000000,0.000000,902.047,2237.042
bounded-wait,slow-original,poisoned-miss,120000.000,2,2.000,0.000000,0.000000,0.000000,892.325,2217.910
bounded-wait,slow-original,poisoned-miss,125000.000,2,2.000,0.000000,0.000000,0.000000,951.109,2260.774
bounded-wait,slow-original,poisoned-miss,130000.000,2,2.000,0.000000,0.000000,0.000000,928.408,2270.623
bounded-wait,slow-original,poisoned-miss,135000.000,2,2.000,0.000000,0.000000,0.000000,906.558,2299.710
bounded-wait,slow-original,poisoned-miss,140000.000,2,2.000,0.000000,0.000000,0.000000,907.433,2284.377
bounded-wait,slow-original,poisoned-miss,145000.000,2,2.000,0.000000,0.000000,0.000000,907.918,2319.799
kill-switch,slow-original,hit,0.000,2,24.000,0.000000,0.000000,0.000000,28.383,28.785
kill-switch,slow-original,hit,5000.000,2,25.000,0.000000,0.000000,0.000000,42.665,43.508
kill-switch,slow-original,hit,10000.000,2,25.000,0.000000,0.000000,0.000000,42.754,43.245
kill-switch,slow-original,hit,15000.000,2,25.000,0.000000,0.000000,0.000000,42.620,42.919
kill-switch,slow-original,hit,20000.000,2,25.000,0.000000,0.000000,0.000000,43.177,44.051
kill-switch,slow-original,hit,25000.000,2,25.000,0.000000,0.000000,0.000000,43.669,83.266
kill-switch,slow-original,hit,30000.000,2,25.000,0.000000,0.000000,0.000000,30.529,31.043
kill-switch,slow-original,hit,35000.000,2,25.000,0.000000,0.000000,0.000000,30.401,30.743
kill-switch,slow-original,hit,40000.000,2,25.000,0.000000,0.000000,0.000000,30.072,41.374
kill-switch,slow-original,hit,45000.000,2,25.000,0.000000,0.000000,0.000000,43.836,45.477
kill-switch,slow-original,hit,50000.000,2,25.000,0.000000,0.000000,0.000000,29.506,29.752
kill-switch,slow-original,hit,55000.000,2,25.000,0.000000,0.000000,0.000000,29.465,29.726
kill-switch,slow-original,hit,60000.000,2,25.000,0.000000,0.000000,0.000000,29.581,33.553
kill-switch,slow-original,hit,65000.000,2,25.000,0.000000,0.000000,0.000000,29.090,29.617
kill-switch,slow-original,hit,70000.000,2,25.000,0.000000,0.000000,0.000000,28.632,29.354
kill-switch,slow-original,hit,75000.000,2,25.000,0.000000,0.000000,0.000000,29.383,51.770
kill-switch,slow-original,hit,80000.000,2,25.000,0.000000,0.000000,0.000000,28.802,32.901
kill-switch,slow-original,hit,85000.000,2,25.000,0.000000,0.000000,0.000000,28.578,41.357
kill-switch,slow-original,hit,90000.000,2,25.000,0.000000,0.000000,0.000000,28.093,29.158
kill-switch,slow-original,hit,95000.000,2,25.000,0.000000,0.000000,0.000000,28.356,29.013
kill-switch,slow-original,hit,100000.000,2,25.000,0.000000,0.000000,0.000000,43.602,52.495
kill-switch,slow-original,hit,105000.000,2,25.000,0.000000,0.000000,0.000000,43.145,67.737
kill-switch,slow-original,hit,110000.000,2,25.000,0.000000,0.000000,0.000000,43.407,44.018
kill-switch,slow-original,hit,115000.000,2,25.000,0.000000,0.000000,0.000000,49.263,84.666
kill-switch,slow-original,hit,120000.000,2,25.000,0.000000,0.000000,0.000000,42.940,47.865
kill-switch,slow-original,hit,125000.000,2,25.000,0.000000,0.000000,0.000000,42.414,42.829
kill-switch,slow-original,hit,130000.000,2,25.000,0.000000,0.000000,0.000000,43.016,44.365
kill-switch,slow-original,hit,135000.000,2,25.000,0.000000,0.000000,0.000000,43.412,43.633
kill-switch,slow-original,hit,140000.000,2,25.000,0.000000,0.000000,0.000000,43.299,43.566
kill-switch,slow-original,hit,145000.000,2,25.000,0.000000,0.000000,0.000000,48.832,72.248
kill-switch,slow-original,healthy-miss,0.000,0,0.000,0.000000,0.000000,0.000000,0.000,0.000
kill-switch,slow-original,healthy-miss,5000.000,2,1.000,0.000000,0.000000,0.000000,2278.965,2278.965
kill-switch,slow-original,healthy-miss,10000.000,2,1.000,0.000000,0.000000,0.000000,2353.136,2353.136
kill-switch,slow-original,healthy-miss,15000.000,2,1.000,0.000000,0.000000,0.000000,2234.555,2234.555
kill-switch,slow-original,healthy-miss,20000.000,2,1.000,0.000000,0.000000,0.000000,2218.581,2218.581
kill-switch,slow-original,healthy-miss,25000.000,2,1.000,0.000000,0.000000,0.000000,2281.915,2281.915
kill-switch,slow-original,healthy-miss,30000.000,2,1.000,0.000000,0.000000,0.000000,923.473,923.473
kill-switch,slow-original,healthy-miss,35000.000,2,1.000,0.000000,0.000000,0.000000,893.216,893.216
kill-switch,slow-original,healthy-miss,40000.000,2,1.000,0.000000,0.000000,0.000000,895.574,895.574
kill-switch,slow-original,healthy-miss,45000.000,2,1.000,0.000000,0.000000,0.000000,2280.332,2280.332
kill-switch,slow-original,healthy-miss,50000.000,2,1.000,1.000000,0.000000,1.000000,42.139,42.139
kill-switch,slow-original,healthy-miss,55000.000,2,1.000,1.000000,0.000000,1.000000,12.427,12.427
kill-switch,slow-original,healthy-miss,60000.000,2,1.000,1.000000,0.000000,1.000000,18.817,18.817
kill-switch,slow-original,healthy-miss,65000.000,2,1.000,1.000000,0.000000,1.000000,13.008,13.008
kill-switch,slow-original,healthy-miss,70000.000,2,1.000,1.000000,0.000000,1.000000,11.436,11.436
kill-switch,slow-original,healthy-miss,75000.000,2,1.000,1.000000,0.000000,1.000000,13.037,13.037
kill-switch,slow-original,healthy-miss,80000.000,2,1.000,1.000000,0.000000,1.000000,22.474,22.474
kill-switch,slow-original,healthy-miss,85000.000,2,1.000,1.000000,0.000000,1.000000,11.992,11.992
kill-switch,slow-original,healthy-miss,90000.000,2,1.000,1.000000,0.000000,1.000000,22.544,22.544
kill-switch,slow-original,healthy-miss,95000.000,2,1.000,1.000000,0.000000,1.000000,11.579,11.579
kill-switch,slow-original,healthy-miss,100000.000,2,1.000,0.000000,0.000000,0.000000,2281.003,2281.003
kill-switch,slow-original,healthy-miss,105000.000,2,1.000,0.000000,0.000000,0.000000,2392.401,2392.401
kill-switch,slow-original,healthy-miss,110000.000,2,1.000,0.000000,0.000000,0.000000,2362.686,2362.686
kill-switch,slow-original,healthy-miss,115000.000,2,1.000,0.000000,0.000000,0.000000,2340.860,2340.860
kill-switch,slow-original,healthy-miss,120000.000,2,1.000,0.000000,0.000000,0.000000,2267.802,2267.802
kill-switch,slow-original,healthy-miss,125000.000,2,1.000,0.000000,0.000000,0.000000,2283.852,2283.852
kill-switch,slow-original,healthy-miss,130000.000,2,1.000,0.000000,0.000000,0.000000,2273.501,2273.501
kill-switch,slow-original,healthy-miss,135000.000,2,1.000,0.000000,0.000000,0.000000,2189.697,2189.697
kill-switch,slow-original,healthy-miss,140000.000,2,1.000,0.000000,0.000000,0.000000,2245.233,2245.233
kill-switch,slow-original,healthy-miss,145000.000,2,1.000,0.000000,0.000000,0.000000,2312.135,2312.135
kill-switch,slow-original,poisoned-miss,0.000,2,1.000,0.000000,0.000000,0.000000,904.625,904.625
kill-switch,slow-original,poisoned-miss,5000.000,2,2.000,0.000000,0.000000,0.000000,903.082,2303.109
kill-switch,slow-original,poisoned-miss,10000.000,2,2.000,0.000000,0.000000,0.000000,925.036,2321.337
kill-switch,slow-original,poisoned-miss,15000.000,2,2.000,0.000000,0.000000,0.000000,903.249,2131.114
kill-switch,slow-original,poisoned-miss,20000.000,2,2.000,0.000000,0.000000,0.000000,913.741,2128.544
kill-switch,slow-original,poisoned-miss,25000.000,2,2.000,0.000000,0.000000,0.000000,924.888,2324.561
kill-switch,slow-original,poisoned-miss,30000.000,2,2.000,0.000000,0.000000,0.000000,15909.640,17359.284
kill-switch,slow-original,poisoned-miss,35000.000,2,2.000,0.000000,0.000000,0.000000,15893.854,15908.638
kill-switch,slow-original,poisoned-miss,40000.000,2,2.000,0.000000,0.000000,0.000000,15912.618,15919.725
kill-switch,slow-original,poisoned-miss,45000.000,2,2.000,0.000000,0.000000,0.000000,15900.461,15912.753
kill-switch,slow-original,poisoned-miss,50000.000,2,2.000,1.000000,0.000000,1.000000,11.724,22.460
kill-switch,slow-original,poisoned-miss,55000.000,2,2.000,1.000000,0.000000,1.000000,11.374,12.510
kill-switch,slow-original,poisoned-miss,60000.000,2,2.000,1.000000,0.000000,1.000000,11.174,25.216
kill-switch,slow-original,poisoned-miss,65000.000,2,2.000,1.000000,0.000000,1.000000,11.268,14.253
kill-switch,slow-original,poisoned-miss,70000.000,2,2.000,1.000000,0.000000,1.000000,12.078,12.508
kill-switch,slow-original,poisoned-miss,75000.000,2,2.000,1.000000,0.000000,1.000000,14.293,19.828
kill-switch,slow-original,poisoned-miss,80000.000,2,2.000,1.000000,0.000000,1.000000,10.776,24.206
kill-switch,slow-original,poisoned-miss,85000.000,2,2.000,1.000000,0.000000,1.000000,11.662,12.589
kill-switch,slow-original,poisoned-miss,90000.000,2,2.000,1.000000,0.000000,1.000000,11.396,12.185
kill-switch,slow-original,poisoned-miss,95000.000,2,2.000,1.000000,0.000000,1.000000,12.984,13.224
kill-switch,slow-original,poisoned-miss,100000.000,2,2.000,0.000000,0.000000,0.000000,896.595,2280.747
kill-switch,slow-original,poisoned-miss,105000.000,2,2.000,0.000000,0.000000,0.000000,904.465,2395.032
kill-switch,slow-original,poisoned-miss,110000.000,2,2.000,0.000000,0.000000,0.000000,913.048,2366.629
kill-switch,slow-original,poisoned-miss,115000.000,2,2.000,0.000000,0.000000,0.000000,919.577,2343.266
kill-switch,slow-original,poisoned-miss,120000.000,2,2.000,0.000000,0.000000,0.000000,913.168,2270.573
kill-switch,slow-original,poisoned-miss,125000.000,2,2.000,0.000000,0.000000,0.000000,907.369,2237.249
kill-switch,slow-original,poisoned-miss,130000.000,2,2.000,0.000000,0.000000,0.000000,898.998,2279.942
kill-switch,slow-original,poisoned-miss,135000.000,2,2.000,0.000000,0.000000,0.000000,889.267,2228.140
kill-switch,slow-original,poisoned-miss,140000.000,2,2.000,0.000000,0.000000,0.000000,921.241,2206.921
kill-switch,slow-original,poisoned-miss,145000.000,2,2.000,0.000000,0.000000,0.000000,891.889,2305.880
